id,class,vendor,product,cwe_ids,cwe_names,description
CVE-2016-10305,Home,n/a,n/a,,,"Trango Apex <= 2.1.1, ApexLynx < 2.0, ApexOrion < 2.0, ApexPlus <= 3.2.0, Giga <= 2.6.1, GigaLynx < 2.0, GigaOrion < 2.0, GigaPlus <= 3.2.3, GigaPro <= 1.4.1, StrataLink < 3.0, and StrataPro devices have a built-in, hidden root account, with a default password that was once stored in cleartext within a software update package on a Trango FTP server. This account is accessible via SSH and/or TELNET, and grants access to the underlying embedded UNIX OS on the device, allowing full control over it."
CVE-2016-10319,Home,n/a,n/a,,,"In ARM Trusted Firmware 1.2 and 1.3, a malformed firmware update SMC can result in copying unexpectedly large data into secure memory because of integer overflows. This affects certain cases involving execution of both AArch64 Generic Trusted Firmware (TF) BL1 code and other firmware update code."
CVE-2016-5119,Home,n/a,n/a,,,The automatic update feature in KeePass 2.33 and earlier allows man-in-the-middle attackers to execute arbitrary code by spoofing the version check response and supplying a crafted update.
CVE-2017-16311,Home,Insteon,Hub,CWE-121,CWE-121: Stack-based Buffer Overflow,"Multiple exploitable buffer overflow vulnerabilities exist in the PubNub message handler for the ""cc"" channel of Insteon Hub running firmware version 1012. Specially crafted commands sent through the PubNub service can cause a stack-based buffer overflow overwriting arbitrary data. An attacker should send an authenticated HTTP request to trigger this vulnerability. In cmd UpdateCheck, at 0x9d01bb64, the value for the `type` key is copied using `strcpy` to the buffer at `$sp+0x270`.This buffer is 16 bytes large, sending anything longer will cause a buffer overflow."
CVE-2017-2872,Home,Foscam,Foscam Indoor IP Camera C1 Series,,,"Insufficient security checks exist in the recovery procedure used by the Foscam C1 Indoor HD Camera running application firmware 2.52.2.43. A HTTP request can allow for a user to perform a firmware upgrade using a crafted image. Before any firmware upgrades in this image are flashed to the device, binaries as well as arguments to shell commands contained in the image are executed with elevated privileges."
CVE-2017-3218,Home,Samsung,Magician,CWE-295; CWE-311,CWE-295; CWE-311,"Samsung Magician 5.0 fails to validate TLS certificates for HTTPS software update traffic. Prior to version 5.0, Samsung Magician uses HTTP for software updates."
CVE-2017-8078,Home,n/a,n/a,,,"On the TP-Link TL-SG108E 1.0, the upgrade process can be requested remotely without authentication (httpupg.cgi with a parameter called cmd). This affects the 1.1.2 Build 20141017 Rel.50749 firmware."
CVE-2018-21131,Home,n/a,n/a,,,Certain NETGEAR devices are affected by unauthenticated firmware downgrade. This affects WAC505 before 5.0.0.17 and WAC510 before 5.0.0.17.
CVE-2018-3890,Home,unknown,Yi Technology,,,"An exploitable code execution vulnerability exists in the firmware update functionality of Yi Home Camera 27US 1.8.7.0D. A specially crafted file can cause a logic flaw and command injection, resulting in code execution. An attacker can insert an SD card to trigger this vulnerability."
CVE-2018-3891,Home,unknown,Yi Technology,,,"An exploitable firmware downgrade vulnerability exists in the firmware update functionality of Yi Home Camera 27US 1.8.7.0D. A specially crafted file can cause a logic flaw, resulting in a firmware downgrade. An attacker can insert an SD card to trigger this vulnerability."
CVE-2018-3892,Home,unknown,Yi Technology,,,"An exploitable firmware downgrade vulnerability exists in the time syncing functionality of Yi Home Camera 27US 1.8.7.0D. A specially crafted packet can cause a buffer overflow, resulting in code execution. An attacker can intercept and alter network traffic to trigger this vulnerability."
CVE-2018-3920,Home,unknown,Yi Technology,,,"An exploitable code execution vulnerability exists in the firmware update functionality of the Yi Home Camera 27US 1.8.7.0D. A specially crafted 7-Zip file can cause a CRC collision, resulting in a firmware update and code execution. An attacker can insert an SDcard to trigger this vulnerability."
CVE-2018-3928,Home,Yi,Yi Technology,,,"An exploitable code execution vulnerability exists in the firmware update functionality of Yi Home Camera 27US 1.8.7.0D. A specially crafted set of UDP packets can cause a settings change, resulting in denial of service. An attacker can send a set of packets to trigger this vulnerability."
CVE-2018-3934,Home,unknown,Yi Technology,,,"An exploitable code execution vulnerability exists in the firmware update functionality of Yi Home Camera 27US 1.8.7.0D. A specially crafted set of UDP packets can cause a logic flaw, resulting in an authentication bypass. An attacker can sniff network traffic and send a set of packets to trigger this vulnerability."
CVE-2018-6219,Home,Trend Micro,Trend Micro Email Encryption Gateway,,,An Insecure Update via HTTP vulnerability in Trend Micro Email Encryption Gateway 5.5 could allow an attacker to eavesdrop and tamper with certain types of update data.
CVE-2018-6221,Home,Trend Micro,Trend Micro Email Encryption Gateway,,,An unvalidated software update vulnerability in Trend Micro Email Encryption Gateway 5.5 could allow a man-in-the-middle attacker to tamper with an update file and inject their own.
CVE-2018-7113,Home,Hewlett Packard Enterprise,HPE Integrated Lights-Out 5 (iLO 5) for HPE Gen10 Servers,,,A security vulnerability in HPE Integrated Lights-Out 5 (iLO 5) prior to v1.37 could be locally exploited to bypass the security restrictions for firmware updates.
CVE-2018-9232,Home,n/a,n/a,,,"Due to the lack of firmware authentication in the upgrade process of T&W WIFI Repeater BE126 devices, an attacker can craft a malicious firmware and use it as an update."
CVE-2019-19041,Home,n/a,n/a,,,"An issue was discovered in Xorux Lpar2RRD 6.11 and Stor2RRD 2.61, as distributed in Xorux 2.41. They do not correctly verify the integrity of an upgrade package before processing it. As a result, official upgrade packages can be modified to inject an arbitrary Bash script that will be executed by the underlying system. It is possible to achieve this by modifying the values in the files.SUM file (which are used for integrity control) and injecting malicious code into the upgrade.sh file."
CVE-2019-3977,Home,n/a,MikroTik RouterOS,CWE-494,CWE-494 Insufficient checks on origin,"RouterOS 6.45.6 Stable, RouterOS 6.44.5 Long-term, and below insufficiently validate where upgrade packages are download from when using the autoupgrade feature. Therefore, a remote attacker can trick the router into ""upgrading"" to an older version of RouterOS and possibly reseting all the system's usernames and passwords."
CVE-2019-6742,Home,Samsung,Galaxy S9,CWE-358,CWE-358: Improperly Implemented Security Check for Standard,This vulnerability allows remote attackers to execute arbitrary code on vulnerable installations of Samsung Galaxy S9 prior to 1.4.20.2. Authentication is not required to exploit this vulnerability. The specific flaw exists within the handling of the GameServiceReceiver update mechanism. An attacker can leverage this vulnerability to execute code in the context of the current process. Was ZDI-CAN-7477.
CVE-2019-9126,Home,n/a,n/a,,,"An issue was discovered on D-Link DIR-825 Rev.B 2.10 devices. There is an information disclosure vulnerability via requests for the router_info.xml document. This will reveal the PIN code, MAC address, routing table, firmware version, update time, QOS information, LAN information, and WLAN information of the device."
CVE-2020-10926,Home,NETGEAR,R6700,CWE-494,CWE-494 Insufficient checks on origin,This vulnerability allows network-adjacent attackers to execute arbitrary code on affected installations of NETGEAR R6700 V1.0.4.84_10.0.58 routers. Authentication is not required to exploit this vulnerability. The specific flaw exists within the handling of firmware updates. The issue results from the lack of proper validation of the firmware image prior to performing an upgrade. An attacker can leverage this in conjunction with other vulnerabilities to execute code in the context of root. Was ZDI-CAN-9648.
CVE-2020-10927,Home,NETGEAR,R6700,CWE-327,CWE-327: Use of a Broken or Risky Cryptographic Algorithm,This vulnerability allows network-adjacent attackers to execute arbitrary code on affected installations of NETGEAR R6700 V1.0.4.84_10.0.58 routers. Authentication is not required to exploit this vulnerability. The specific flaw exists within the encryption of firmware update images. The issue results from the use of an inappropriate encryption algorithm. An attacker can leverage this in conjunction with other vulnerabilities to execute code in the context of root. Was ZDI-CAN-9649.
CVE-2020-14096,Home,n/a,Xiaomi AI speaker,,,Memory overflow in Xiaomi AI speaker Rom version <1.59.6 can happen when the speaker verifying a malicious firmware during OTA process.
CVE-2020-14140,Home,n/a,Xiaomi Multiple Devices,CWE-306,CWE-306 Missing Authentication for Critical Function,"When Xiaomi router firmware is updated in 2020, there is an unauthenticated API that can reveal WIFI password vulnerability. This vulnerability is caused by the lack of access control policies on some API interfaces. Attackers can exploit this vulnerability to enter the background and execute background command injection."
CVE-2020-15498,Home,n/a,n/a,,,An issue was discovered on ASUS RT-AC1900P routers before 3.0.0.4.385_20253. The router accepts an arbitrary server certificate for a firmware update. The culprit is the --no-check-certificate option passed to wget tool used to download firmware update files.
CVE-2020-35782,Home,n/a,n/a,,,"Certain NETGEAR devices are affected by lack of access control at the function level. This affects JGS516PE before 2.6.0.48, JGS524Ev2 before 2.6.0.48, JGS524PE before 2.6.0.48, and GS116Ev2 before 2.6.0.48. The TFTP firmware update mechanism does not properly implement firmware validations, allowing remote attackers to write arbitrary data to internal memory."
CVE-2020-8809,Home,n/a,n/a,,,"Gurux GXDLMS Director prior to 8.5.1905.1301 downloads updates to add-ins and OBIS code over an unencrypted HTTP connection. A man-in-the-middle attacker can prompt the user to download updates by modifying the contents of gurux.fi/obis/files.xml and gurux.fi/updates/updates.xml. Then, the attacker can modify the contents of downloaded files. In the case of add-ins (if the user is using those), this will lead to code execution. In case of OBIS codes (which the user is always using as they are needed to communicate with the energy meters), this can lead to code execution when combined with CVE-2020-8810."
CVE-2021-20173,Home,n/a,Netgear Nighthawk R6700,,,"Netgear Nighthawk R6700 version 1.0.4.120 contains a command injection vulnerability in update functionality of the device. By triggering a system update check via the SOAP interface, the device is susceptible to command injection via preconfigured values."
CVE-2021-22909,Home,n/a,EdgeMAX EdgeRouter,CWE-300,Man-in-the-Middle (CWE-300),A vulnerability found in EdgeMAX EdgeRouter V2.0.9 and earlier could allow a malicious actor to execute a man-in-the-middle (MitM) attack during a firmware update. This vulnerability is fixed in EdgeMAX EdgeRouter V2.0.9-hotfix.1 and later.
CVE-2021-27251,Home,NETGEAR,R7800,CWE-319,CWE-319: Cleartext Transmission of Sensitive Information,This vulnerability allows network-adjacent attackers to execute arbitrary code on affected installations of NETGEAR Nighthawk R7800. Authentication is not required to exploit this vulnerability The specific flaw exists within handling of firmware updates. The issue results from a fallback to a insecure protocol to deliver updates. An attacker can leverage this vulnerability to execute code in the context of root. Was ZDI-CAN-12308.
CVE-2021-28191,Home,ASUS,BMC firmware for ASMB9-iKVM,CWE-120,CWE-120 Buffer Overflow,"The Firmware update function in ASUS BMC’s firmware Web management page does not verify the string length entered by users, resulting in a Buffer overflow vulnerability. As obtaining the privileged permission, remote attackers use the leakage to abnormally terminate the Web service."
CVE-2021-36888,Home,Oxilab,Image Hover Effects Ultimate (WordPress plugin),CWE-284,CWE-284 Improper Access Control,Unauthenticated Arbitrary Options Update vulnerability leading to full website compromise discovered in Image Hover Effects Ultimate (versions <= 9.6.1) WordPress plugin.
CVE-2021-3789,Home,Motorola,Binatone Hubble Cameras,CWE-522,CWE-522 Insufficiently Protected Credentials,An information disclosure vulnerability was reported in some Motorola-branded Binatone Hubble Cameras that could allow an attacker with physical access to obtain the encryption key used to decrypt firmware update packages.
CVE-2021-3793,Home,Motorola,Binatone Hubble Cameras,CWE-424,CWE-424 Improper Protection of Alternate Path,An improper access control vulnerability was reported in some Motorola-branded Binatone Hubble Cameras which could allow an unauthenticated attacker on the same network as the device to access administrative pages that could result in information disclosure or device firmware update with verified firmware.
CVE-2021-40847,Home,n/a,n/a,,,"The update process of the Circle Parental Control Service on various NETGEAR routers allows remote attackers to achieve remote code execution as root via a MitM attack. While the parental controls themselves are not enabled by default on the routers, the Circle update daemon, circled, is enabled by default. This daemon connects to Circle and NETGEAR to obtain version information and updates to the circled daemon and its filtering database. However, database updates from NETGEAR are unsigned and downloaded via cleartext HTTP. As such, an attacker with the ability to perform a MitM attack on the device can respond to circled update requests with a crafted, compressed database file, the extraction of which gives the attacker the ability to overwrite executable files with attacker-controlled code. This affects R6400v2 1.0.4.106, R6700 1.0.2.16, R6700v3 1.0.4.106, R6900 1.0.2.16, R6900P 1.3.2.134, R7000 1.0.11.123, R7000P 1.3.2.134, R7850 1.0.5.68, R7900 1.0.4.38, R8000 1.0.4.68, and RS400 1.5.0.68."
CVE-2021-46442,Home,n/a,n/a,,,"In the ""webupg"" binary of D-Link DIR-825 G1, attackers can bypass authentication through parameters ""autoupgrade.asp"", and perform functions such as downloading configuration files and updating firmware without authorization."
CVE-2022-23970,Home,ASUS,RT-AX56U,CWE-22,CWE-22 Improper Limitation of a Pathname to a Restricted Directory ('Path Traversal'),"ASUS RT-AX56U’s update_json function has a path traversal vulnerability due to insufficient filtering for special characters in the URL parameter. An unauthenticated LAN attacker can overwrite a system file by uploading another file with the same file name, which results in service disruption."
CVE-2022-23971,Home,ASUS,RT-AX56U,CWE-22,CWE-22 Improper Limitation of a Pathname to a Restricted Directory ('Path Traversal'),"ASUS RT-AX56U’s update_PLC/PORT file has a path traversal vulnerability due to insufficient filtering for special characters in the URL parameter. An unauthenticated LAN attacker can overwrite a system file by uploading another PLC/PORT file with the same file name, which results in service disruption."
CVE-2022-25130,Home,n/a,n/a,,,A command injection vulnerability in the function updateWifiInfo of TOTOLINK Technology routers T6 V3_Firmware T6_V3_V4.1.5cu.748_B20211015 and T10 V2_Firmware V4.1.8cu.5207_B20210320 allows attackers to execute arbitrary commands via a crafted MQTT packet.
CVE-2022-26510,Home,InHand Networks,InRouter302,CWE-347,CWE-347: Improper Verification of Cryptographic Signature,A firmware update vulnerability exists in the iburn firmware checks functionality of InHand Networks InRouter302 V3.5.37. A specially-crafted HTTP request can lead to firmware update. An attacker can send a sequence of requests to trigger this vulnerability.
CVE-2022-28541,Home,Samsung Mobile,Samsung Update,CWE-22,CWE-22 Improper Limitation of a Pathname to a Restricted Directory ('Path Traversal'),Uncontrolled search path element vulnerability in Samsung Update prior to version 3.0.77.0 allows attackers to execute arbitrary code as Samsung Update permission.
CVE-2022-29173,Home,theupdateframework,go-tuf,CWE-354,CWE-354: Improper Validation of Integrity Check Value,"go-tuf is a Go implementation of The Update Framework (TUF). go-tuf does not correctly implement the client workflow for updating the metadata files for roles other than the root role. Specifically, checks for rollback attacks are not implemented correctly meaning an attacker can cause clients to install software that is older than the software which the client previously knew to be available, and may include software with known vulnerabilities. In more detail, the client code of go-tuf has several issues in regards to preventing rollback attacks: 1. It does not take into account the content of any previously trusted metadata, if available, before proceeding with updating roles other than the root role (i.e., steps 5.4.3.1 and 5.5.5 of the detailed client workflow). This means that any form of version verification done on the newly-downloaded metadata is made using the default value of zero, which always passes. 2. For both timestamp and snapshot roles, go-tuf saves these metadata files as trusted before verifying if the version of the metafiles they refer to is correct (i.e., steps 5.5.4 and 5.6.4 of the detailed client workflow). A fix is available in version 0.3.0 or newer. No workarounds are known for this issue apart from upgrading."
CVE-2022-36385,Home,Contec Health,CMS8000 CONTEC ICU CCU Vital Signs Patient Monitor,CWE-284,CWE-284 Improper Access Control,"A threat actor with momentary access to the device can plug in a USB drive and perform a malicious firmware update, resulting in permanent changes to device functionality. No authentication or controls are in place to prevent a threat actor from maliciously modifying firmware and performing a drive-by attack to load the firmware on any CMS8000 device."
CVE-2022-36840,Home,Samsung Mobile,Samsung Update Setup,CWE-427,CWE-427 Uncontrolled Search Path Element,DLL hijacking vulnerability in Samsung Update Setup prior to version 2.2.9.50 allows attackers to execute arbitrary code.
CVE-2022-38956,Home,n/a,n/a,CWE-354,CWE-354: Improper Validation of Integrity Check Value,An exploitable firmware downgrade vulnerability was discovered on the Netgear WPN824EXT WiFi Range Extender. An attacker can conduct a MITM attack to replace the user-uploaded firmware image with an original old firmware image. This affects Firmware 1.1.1_1.1.9 and earlier.
CVE-2022-41978,Home,Zoho CRM,Zoho CRM Lead Magnet (WordPress plugin),CWE-264,"CWE-264 Permissions, Privileges, and Access Controls",Auth. (subscriber+) Arbitrary Options Update vulnerability in Zoho CRM Lead Magnet plugin <= 1.7.5.8 on WordPress.
CVE-2022-46139,Home,n/a,n/a,CWE-345,CWE-345 Insufficient Verification of Data Authenticity,TP-Link TL-WR940N V4 3.16.9 and earlier allows authenticated attackers to cause a Denial of Service (DoS) via uploading a crafted firmware image during the firmware update process.
CVE-2022-46422,Home,n/a,n/a,CWE-345,CWE-345 Insufficient Verification of Data Authenticity,An issue in Netgear WNR2000 v1 1.2.3.7 and earlier allows authenticated attackers to cause a Denial of Service (DoS) via uploading a crafted firmware image during the firmware update process.
CVE-2022-46428,Home,n/a,n/a,CWE-494,CWE-494 Insufficient checks on origin,TP-Link TL-WR1043ND V1 3.13.15 and earlier allows authenticated attackers to execute arbitrary code or cause a Denial of Service (DoS) via uploading a crafted firmware image during the firmware update process.
CVE-2022-46430,Home,n/a,n/a,CWE-494,CWE-494 Insufficient checks on origin,TP-Link TL-WR740N V1 and V2 v3.12.4 and earlier allows authenticated attackers to execute arbitrary code or cause a Denial of Service (DoS) via uploading a crafted firmware image during the firmware update process.
CVE-2022-46434,Home,n/a,n/a,,,An issue in the firmware update process of TP-Link TL-WA7510N v1 v3.12.6 and earlier allows attackers to execute arbitrary code or cause a Denial of Service (DoS) via uploading a crafted firmware image.
CVE-2022-46435,Home,n/a,n/a,,,An issue in the firmware update process of TP-Link TL-WR941ND V2/V3 up to 3.13.9 and TL-WR941ND V4 up to 3.12.8 allows attackers to execute arbitrary code or cause a Denial of Service (DoS) via uploading a crafted firmware image.
CVE-2022-46910,Home,n/a,n/a,,,An issue in the firmware update process of TP-Link TL-WA901ND V1 up to v3.11.2 and TL-WA901N V2 up to v3.12.16 allows attackers to execute arbitrary code or cause a Denial of Service (DoS) via uploading a crafted firmware image.
CVE-2022-46912,Home,n/a,n/a,,,An issue in the firmware update process of TP-Link TL-WR841N / TL-WA841ND V7 3.13.9 and earlier allows attackers to execute arbitrary code or cause a Denial of Service (DoS) via uploading a crafted firmware image.
CVE-2022-46914,Home,n/a,n/a,,,An issue in the firmware update process of TP-LINK TL-WA801N / TL-WA801ND V1 v3.12.16 and earlier allows attackers to execute arbitrary code or cause a Denial of Service (DoS) via uploading a crafted firmware image.
CVE-2022-48194,Home,n/a,n/a,CWE-434,CWE-434 Unrestricted Upload of File with Dangerous Type,TP-Link TL-WR902AC devices through V3 0.9.1 allow remote authenticated attackers to execute arbitrary code or cause a Denial of Service (DoS) by uploading a crafted firmware update because the signature check is inadequate.
CVE-2023-22600,Home,InHand Networks,InRouter 302,CWE-284,CWE-284 Improper Access Control,"
InHand Networks InRouter 302, prior to version IR302 V3.5.56, and InRouter 615, prior to version InRouter6XX-S-V2.3.0.r5542, contain vulnerability CWE-284: Improper Access Control. They allow unauthenticated devices to subscribe to MQTT topics on the same network as the device manager. An unauthorized user who knows of an existing topic name could send and receive messages to and from that topic. This includes the ability to send GET/SET configuration commands, reboot commands, and push firmware updates. 

 

 

 

 

"
CVE-2023-24452,Home,Jenkins Project,Jenkins TestQuality Updater Plugin,CWE-352,CWE-352 Cross-Site Request Forgery (CSRF),A cross-site request forgery (CSRF) vulnerability in Jenkins TestQuality Updater Plugin 1.3 and earlier allows attackers to connect to an attacker-specified URL using attacker-specified username and password.
CVE-2023-24453,Home,Jenkins Project,Jenkins TestQuality Updater Plugin,CWE-862,CWE-862 Missing Authorization,A missing check in Jenkins TestQuality Updater Plugin 1.3 and earlier allows attackers with Overall/Read permission to connect to an attacker-specified URL using attacker-specified username and password.
CVE-2023-24454,Home,Jenkins Project,Jenkins TestQuality Updater Plugin,CWE-312,CWE-312 Cleartext Storage of Sensitive Information,Jenkins TestQuality Updater Plugin 1.3 and earlier stores the TestQuality Updater password unencrypted in its global configuration file on the Jenkins controller where it can be viewed by users with access to the Jenkins controller file system.
CVE-2023-28337,Home,n/a,NETGEAR Nighthawk WiFi6 Router (RAX30),,,"When uploading a firmware image to a Netgear Nighthawk Wifi6 Router (RAX30), a hidden “forceFWUpdate” parameter may be provided to force the upgrade to complete and bypass certain validation checks. End users can use this to upload modified, unofficial, and potentially malicious firmware to the device."
CVE-2023-30356,Home,n/a,n/a,CWE-354,CWE-354: Improper Validation of Integrity Check Value,Missing Support for an Integrity Check in Shenzen Tenda Technology IP Camera CP3 V11.10.00.2211041355 allows attackers to update the device with crafted firmware
CVE-2023-33768,Home,n/a,n/a,,,Incorrect signature verification of the firmware during the Device Firmware Update process of Belkin Wemo Smart Plug WSP080 v1.2 allows attackers to cause a Denial of Service (DoS) via a crafted firmware file.
CVE-2023-35721,Home,NETGEAR,Multiple Routers,CWE-295,CWE-295,"NETGEAR Multiple Routers curl_post Improper Certificate Validation Remote Code Execution Vulnerability. This vulnerability allows network-adjacent attackers to compromise the integrity of downloaded information on affected installations of multiple NETGEAR routers. Authentication is not required to exploit this vulnerability.

The specific flaw exists within the update functionality, which operates over HTTPS. The issue results from the lack of proper validation of the certificate presented by the server. An attacker can leverage this in conjunction with other vulnerabilities to execute arbitrary code in the context of root. Was ZDI-CAN-19981."
CVE-2023-35746,Home,D-Link,DAP-2622,CWE-121,CWE-121: Stack-based Buffer Overflow,"D-Link DAP-2622 DDP Firmware Upgrade Auth Username Stack-based Buffer Overflow Remote Code Execution Vulnerability. This vulnerability allows network-adjacent attackers to execute arbitrary code on affected installations of D-Link DAP-2622 routers. Authentication is not required to exploit this vulnerability.

The specific flaw exists within the DDP service. The issue results from the lack of proper validation of the length of user-supplied data prior to copying it to a fixed-length stack-based buffer. An attacker can leverage this vulnerability to execute code in the context of root.
. Was ZDI-CAN-20074."
CVE-2023-35747,Home,D-Link,DAP-2622,CWE-121,CWE-121: Stack-based Buffer Overflow,"D-Link DAP-2622 DDP Firmware Upgrade Auth Password Stack-based Buffer Overflow Remote Code Execution Vulnerability. This vulnerability allows network-adjacent attackers to execute arbitrary code on affected installations of D-Link DAP-2622 routers. Authentication is not required to exploit this vulnerability.

The specific flaw exists within the DDP service. The issue results from the lack of proper validation of the length of user-supplied data prior to copying it to a fixed-length stack-based buffer. An attacker can leverage this vulnerability to execute code in the context of root.
. Was ZDI-CAN-20075."
CVE-2023-35748,Home,D-Link,DAP-2622,CWE-121,CWE-121: Stack-based Buffer Overflow,"D-Link DAP-2622 DDP Firmware Upgrade Server IPv6 Address Stack-based Buffer Overflow Remote Code Execution Vulnerability. This vulnerability allows network-adjacent attackers to execute arbitrary code on affected installations of D-Link DAP-2622 routers. Authentication is not required to exploit this vulnerability.

The specific flaw exists within the DDP service. The issue results from the lack of proper validation of the length of user-supplied data prior to copying it to a fixed-length stack-based buffer. An attacker can leverage this vulnerability to execute code in the context of root.
. Was ZDI-CAN-20076."
CVE-2023-35749,Home,D-Link,DAP-2622,CWE-121,CWE-121: Stack-based Buffer Overflow,"D-Link DAP-2622 DDP Firmware Upgrade Filename Stack-based Buffer Overflow Remote Code Execution Vulnerability. This vulnerability allows network-adjacent attackers to execute arbitrary code on affected installations of D-Link DAP-2622 routers. Authentication is not required to exploit this vulnerability.

The specific flaw exists within the DDP service. The issue results from the lack of proper validation of the length of user-supplied data prior to copying it to a fixed-length stack-based buffer. An attacker can leverage this vulnerability to execute code in the context of root.
. Was ZDI-CAN-20077."
CVE-2023-45779,Home,Google,Android,,,"In the APEX module framework of AOSP, there is a possible malicious update to platform components due to improperly used crypto. This could lead to local escalation of privilege with no additional execution privileges needed. User interaction is not needed for exploitation. More details on this can be found in the referenced links.
"
CVE-2023-7005,Home,Sciener,TTLock App,,,"A specially crafted message can be sent to the TTLock App that downgrades the encryption protocol used for communication, and can be utilized to compromise the lock, such as through revealing the unlockKey field."
CVE-2024-11047,Home,D-Link,DI-8003,CWE-119; CWE-121,Memory Corruption; CWE-121: Stack-based Buffer Overflow,A vulnerability was found in D-Link DI-8003 16.07.16A1. It has been declared as critical. Affected by this vulnerability is the function upgrade_filter_asp of the file /upgrade_filter.asp. The manipulation of the argument path leads to stack-based buffer overflow. The attack can be launched remotely. The exploit has been disclosed to the public and may be used.
CVE-2024-11689,Home,caagsoftware,HQ Rental Software,CWE-352,CWE-352 Cross-Site Request Forgery (CSRF),"The HQ Rental Software plugin for WordPress is vulnerable to Cross-Site Request Forgery in all versions up to, and including, 1.5.29. This is due to missing or incorrect nonce validation on the displaySettingsPage() function. This makes it possible for unauthenticated attackers to update arbitrary options that can be leveraged for privilege escalation via a forged request granted they can trick a site administrator into performing an action such as clicking on a link."
CVE-2024-22258,Home,Spring,Spring,CWE-470,CWE-470 Use of Externally-Controlled Input to Select Classes or Code ('Unsafe Reflection'),"Spring Authorization Server versions 1.0.0 - 1.0.5, 1.1.0 - 1.1.5, 1.2.0 - 1.2.2 and older unsupported versions are susceptible to a PKCE Downgrade Attack for Confidential Clients.

Specifically, an application is vulnerable when a Confidential Client uses PKCE for the Authorization Code Grant.

An application is not vulnerable when a Public Client uses PKCE for the Authorization Code Grant.

"
CVE-2024-36755,Home,n/a,n/a,CWE-599,CWE-599 Missing Validation of OpenSSL Certificate,D-Link DIR-1950 up to v1.11B03 does not validate SSL certificates when requesting the latest firmware version and downloading URL. This can allow attackers to downgrade the firmware version or change the downloading URL via a man-in-the-middle attack.
CVE-2024-42469,Home,openhab,openhab-webui,CWE-22,CWE-22 Improper Limitation of a Pathname to a Restricted Directory ('Path Traversal'),"openHAB, a provider of open-source home automation software, has add-ons including the visualization add-on CometVisu. Prior to version 4.2.1, CometVisu's file system endpoints don't require authentication and additionally the endpoint to update an existing file is susceptible to path traversal. This makes it possible for an attacker to overwrite existing files on the openHAB instance. If the overwritten file is a shell script that is executed at a later time, this vulnerability can allow remote code execution by an attacker. Users should upgrade to version 4.2.1 to receive a patch."
CVE-2024-44334,Home,n/a,n/a,CWE-77,CWE-77 Improper Neutralization of Special Elements used in a Command ('Command Injection'),"D-Link DI-7003GV2 v24.04.18D1, DI-7100G+V2 v24.04.18D1, DI-7100GV2 v24.04.18D1, DI-7200GV2 v24.04.18E1, DI-7300G+V2 v24.04.18D1, and DI-7400G+V2 v24.04.18D1 are vulnerable to Remote Command Execution due to insufficient parameter filtering in the CGI handling function of upgrade_filter.asp."
CVE-2024-44382,Home,n/a,n/a,CWE-77,CWE-77 Improper Neutralization of Special Elements used in a Command ('Command Injection'),D-Link DI_8004W 16.07.26A1 contains a command execution vulnerability in the jhttpd upgrade_filter_asp function.
CVE-2024-44410,Home,n/a,n/a,CWE-94,CWE-94 Improper Control of Generation of Code ('Code Injection'),D-Link DI-8300 v16.07.26A1 is vulnerable to command injection via the upgrade_filter_asp function.
CVE-2024-48544,Home,n/a,n/a,CWE-863,CWE-863 Incorrect Authorization,Incorrect access control in the firmware update and download processes of Sylvania Smart Home v3.0.3 allows attackers to access sensitive information by analyzing the code and data within the APK file.
CVE-2024-48770,Home,n/a,n/a,CWE-922,CWE-922 Insecure Storage of Sensitive Information,An issue in Plug n Play Camera com.wisdomcity.zwave 1.1.0 allows a remote attacker to obtain sensitive information via the firmware update process.
CVE-2024-48775,Home,n/a,n/a,CWE-306,CWE-306 Missing Authentication for Critical Function,An issue in Plug n Play Camera com.ezset.delaney 1.2.0 allows a remote attacker to obtain sensitive information via the firmware update process.
CVE-2024-48791,Home,n/a,n/a,CWE-306,CWE-306 Missing Authentication for Critical Function,An issue in Plug n Play Camera com.starvedia.mCamView.zwave 5.5.1 allows a remote attacker to obtain sensitive information via the firmware update process
CVE-2024-52330,Home,ECOVACS,DEEBOT X5 PRO PLUS,CWE-295,CWE-295,"ECOVACS lawnmowers and vacuums do not properly validate TLS certificates. An unauthenticated attacker can read or modify TLS traffic, possibly modifying firmware updates."
CVE-2024-54126,Home,TP-Link,Archer C50 Wireless Router,CWE-347; CWE-494,CWE-347: Improper Verification of Cryptographic Signature; CWE-494 Insufficient checks on origin,This vulnerability exists in the TP-Link Archer C50 due to improper signature verification mechanism in the firmware upgrade process at its web interface. An attacker with administrative privileges within the router’s Wi-Fi range could exploit this vulnerability by uploading and executing malicious firmware which could lead to complete compromise of the targeted device.
CVE-2024-7833,Home,D-Link,DI-8100,CWE-77,CWE-77 Improper Neutralization of Special Elements used in a Command ('Command Injection'),A vulnerability was found in D-Link DI-8100 16.07. It has been classified as critical. This affects the function upgrade_filter_asp of the file upgrade_filter.asp. The manipulation of the argument path leads to command injection. It is possible to initiate the attack remotely. The exploit has been disclosed to the public and may be used.
CVE-2025-11665,Home,D-Link,DAP-2695,CWE-77; CWE-78,CWE-77 Improper Neutralization of Special Elements used in a Command ('Command Injection'); OS Command Injection,A vulnerability was detected in D-Link DAP-2695 2.00RC131. This affects the function fwupdater_main of the file rgbin of the component Firmware Update Handler. Performing manipulation results in os command injection. The attack may be initiated remotely. This vulnerability only affects products that are no longer supported by the maintainer.
CVE-2025-12295,Home,D-Link,DAP-2695,CWE-345; CWE-347,CWE-345 Insufficient Verification of Data Authenticity; CWE-347: Improper Verification of Cryptographic Signature,A weakness has been identified in D-Link DAP-2695 2.00RC13. The affected element is the function sub_40C6B8 of the component Firmware Update Handler. Executing manipulation can lead to improper verification of cryptographic signature. The attack can be launched remotely. Attacks of this nature are highly complex. The exploitability is described as difficult. The exploit has been made available to the public and could be exploited. This vulnerability only affects products that are no longer supported by the maintainer.
CVE-2025-12296,Home,D-Link,DAP-2695,CWE-77; CWE-78,CWE-77 Improper Neutralization of Special Elements used in a Command ('Command Injection'); OS Command Injection,A security vulnerability has been detected in D-Link DAP-2695 2.00RC13. The impacted element is the function sub_4174B0 of the component Firmware Update Handler. The manipulation leads to os command injection. The attack may be initiated remotely. The exploit has been disclosed publicly and may be used. This vulnerability only affects products that are no longer supported by the maintainer.
CVE-2025-12943,Home,NETGEAR,RAX30,CWE-295,CWE-295,"Improper certificate
validation in firmware update logic in NETGEAR RAX30 (Nighthawk AX5 5-Stream
AX2400 WiFi 6 Router) and RAXE300 (Nighthawk AXE7800 Tri-Band
WiFi 6E Router) allows attackers with the ability to intercept and
tamper traffic destined to the device to execute arbitrary commands on the
device.

Devices
with automatic updates enabled may already have this patch applied. If not,
please check the firmware version and update to the
latest.



Fixed in:



RAX30 firmware
1.0.14.108 or later.



RAXE300 firmware
1.0.9.82 or later"
CVE-2025-14884,Home,D-Link,DIR-605,CWE-74; CWE-77,Injection; CWE-77 Improper Neutralization of Special Elements used in a Command ('Command Injection'),A vulnerability was detected in D-Link DIR-605 202WWB03. Affected by this issue is some unknown functionality of the component Firmware Update Service. Performing manipulation results in command injection. The attack can be initiated remotely. The exploit is now public and may be used. This vulnerability only affects products that are no longer supported by the maintainer.
CVE-2025-15245,Home,D-Link,DCS-850L,CWE-22,CWE-22 Improper Limitation of a Pathname to a Restricted Directory ('Path Traversal'),A vulnerability was found in D-Link DCS-850L 1.02.09. Affected is the function uploadfirmware of the component Firmware Update Service. The manipulation of the argument DownloadFile results in path traversal. The attack must originate from the local network. The exploit has been made public and could be used. This vulnerability only affects products that are no longer supported by the maintainer.
CVE-2025-25059,Home,n/a,Intel(R) One Boot Flash Update (Intel(R) OFU) software,CWE-427,CWE-427 Uncontrolled Search Path Element,"Uncontrolled search path for some Intel(R) One Boot Flash Update (Intel(R) OFU) software before version 14.1.31 within Ring 3: User Applications may allow an escalation of privilege. Unprivileged software adversary with an authenticated user combined with a high complexity attack may enable escalation of privilege. This result may potentially occur via local access when attack requirements are present without special internal knowledge and requires active user interaction. The potential vulnerability may impact the confidentiality (high), integrity (high) and availability (high) of the vulnerable system, resulting in subsequent system confidentiality (none), integrity (none) and availability (none) impacts."
CVE-2025-27711,Home,n/a,Intel(R) One Boot Flash Update (Intel(R) OFU) software,CWE-276,Incorrect Default Permissions,"Incorrect default permissions for some Intel(R) One Boot Flash Update (Intel(R) OFU) software before version 14.1.31 within Ring 3: User Applications may allow an escalation of privilege. Unprivileged software adversary with an authenticated user combined with a high complexity attack may enable escalation of privilege. This result may potentially occur via local access when attack requirements are present without special internal knowledge and requires active user interaction. The potential vulnerability may impact the confidentiality (high), integrity (high) and availability (high) of the vulnerable system, resulting in subsequent system confidentiality (none), integrity (none) and availability (none) impacts."
CVE-2025-28236,Home,n/a,n/a,CWE-494,CWE-494 Insufficient checks on origin,Nautel VX Series transmitters VX SW v6.4.0 and below was discovered to contain a remote code execution (RCE) vulnerability in the firmware update process. This vulnerability allows attackers to execute arbitrary code via supplying a crafted update package to the /#/software/upgrades endpoint.
CVE-2025-34503,Home,"Light & Wonder, Inc. / SHFL Entertainment, Inc. / Shuffle Master, Inc.",Deck Mate 1,CWE-1326; CWE-347,CWE-1326 Missing Immutable Root of Trust in Hardware; CWE-347: Improper Verification of Cryptographic Signature,"Deck Mate 1 executes firmware directly from an external EEPROM without verifying authenticity or integrity. An attacker with physical access can replace or reflash the EEPROM to run arbitrary code that persists across reboots. Because this design predates modern secure-boot or signed-update mechanisms, affected systems should be physically protected or retired from service. The vendor has not indicated that firmware updates are available for this legacy model."
CVE-2025-52379,Home,n/a,n/a,CWE-78,OS Command Injection,"Nexxt Solutions NCM-X1800 Mesh Router firmware UV1.2.7 and below contains an authenticated command injection vulnerability in the firmware update feature. The /web/um_fileName_set.cgi and /web/um_web_upgrade.cgi endpoints fail to properly sanitize the upgradeFileName parameter, allowing authenticated attackers to execute arbitrary OS commands on the device, resulting in remote code execution."
CVE-2025-57902,Home,Md Taufiqur Rahman,RIS Version Switcher &#8211; Downgrade or Upgrade WP Versions Easily,CWE-352,CWE-352 Cross-Site Request Forgery (CSRF),Cross-Site Request Forgery (CSRF) vulnerability in Md Taufiqur Rahman RIS Version Switcher &#8211; Downgrade or Upgrade WP Versions Easily allows Cross Site Request Forgery. This issue affects RIS Version Switcher &#8211; Downgrade or Upgrade WP Versions Easily: from n/a through 1.0.
CVE-2025-8978,Home,D-Link,DIR-619L,CWE-345,CWE-345 Insufficient Verification of Data Authenticity,A vulnerability was determined in D-Link DIR-619L 6.02CN02. Affected is the function FirmwareUpgrade of the component boa. The manipulation leads to insufficient verification of data authenticity. It is possible to launch the attack remotely. The complexity of an attack is rather high. The exploitability is told to be difficult. The exploit has been disclosed to the public and may be used. This vulnerability only affects products that are no longer supported by the maintainer.
CVE-2025-9146,Home,Linksys,E5600,CWE-310; CWE-327,Cryptographic Issues; CWE-327: Use of a Broken or Risky Cryptographic Algorithm,A flaw has been found in Linksys E5600 1.1.0.26. The affected element is the function verify_gemtek_header of the file checkFw.sh of the component Firmware Handler. Executing manipulation can lead to risky cryptographic algorithm. The attack may be launched remotely. The attack requires a high level of complexity. The exploitability is described as difficult. The vendor was contacted early about this disclosure but did not respond in any way.
CVE-2025-9379,Home,Belkin,AX1800,CWE-345,CWE-345 Insufficient Verification of Data Authenticity,A vulnerability was determined in Belkin AX1800 1.1.00.016. Affected by this vulnerability is an unknown functionality of the component Firmware Update Handler. This manipulation causes insufficient verification of data authenticity. The attack can be initiated remotely. The vendor was contacted early about this disclosure but did not respond in any way.
CVE-2016-5645,SCADA,n/a,n/a,,,"Rockwell Automation MicroLogix 1400 PLC 1766-L32BWA, 1766-L32AWA, 1766-L32BXB, 1766-L32BWAA, 1766-L32AWAA, and 1766-L32BXBA devices have a hardcoded SNMP community, which makes it easier for remote attackers to load arbitrary firmware updates by leveraging knowledge of this community."
CVE-2016-6564,SCADA,Ragentek,Android software,CWE-494,CWE-494,"Android devices with code from Ragentek contain a privileged binary that performs over-the-air (OTA) update checks. Additionally, there are multiple techniques used to hide the execution of this binary. This behavior could be described as a rootkit. This binary, which resides as /system/bin/debugs, runs with root privileges and does not communicate over an encrypted channel. The binary has been shown to communicate with three hosts via HTTP: oyag[.]lhzbdvm[.]com oyag[.]prugskh[.]net oyag[.]prugskh[.]com Server responses to requests sent by the debugs binary include functionalities to execute arbitrary commands as root, install applications, or update configurations. Examples of a request sent by the client binary: POST /pagt/agent?data={""name"":""c_regist"",""details"":{...}} HTTP/1. 1 Host: 114.80.68.223 Connection: Close An example response from the server could be: HTTP/1.1 200 OK {""code"": ""01"", ""name"": ""push_commands"", ""details"": {""server_id"": ""1"" , ""title"": ""Test Command"", ""comments"": ""Test"", ""commands"": ""touch /tmp/test""}} This binary is reported to be present in the following devices: BLU Studio G BLU Studio G Plus BLU Studio 6.0 HD BLU Studio X BLU Studio X Plus BLU Studio C HD Infinix Hot X507 Infinix Hot 2 X510 Infinix Zero X506 Infinix Zero 2 X509 DOOGEE Voyager 2 DG310 LEAGOO Lead 5 LEAGOO Lead 6 LEAGOO Lead 3i LEAGOO Lead 2S LEAGOO Alfa 6 IKU Colorful K45i Beeline Pro 2 XOLO Cube 5.0"
CVE-2016-6567,SCADA,SHDesigns,Resident Download Manager,CWE-494,CWE-494,"SHDesigns' Resident Download Manager provides firmware update capabilities for Rabbit 2000/3000 CPU boards, which according to the reporter may be used in some industrial control and embedded applications. The Resident Download Manager does not verify that the firmware is authentic before executing code and deploying the firmware to devices. A remote attacker with the ability to send UDP traffic to the device may be able to execute arbitrary code on the device. According to SHDesigns' website, the Resident Download Manager and other Rabbit Tools have been discontinued since June 2011."
CVE-2017-8851,SCADA,n/a,n/a,,,"An issue was discovered on OnePlus One and X devices. Due to a lenient updater-script on the OnePlus One and X OTA images, the fact that both products use the same OTA verification keys, and the fact that both products share the same 'ro.build.product' system property, attackers can install OTAs of one product over the other, even on locked bootloaders. That could theoretically allow for exploitation of vulnerabilities patched on one image but not on the other, in addition to expansion of the attack surface. Moreover, the vulnerability may result in having the device unusable until a Factory Reset is performed. This vulnerability can be exploited by Man-in-the-Middle (MiTM) attackers targeting the update process. This is possible because the update transaction does not occur over TLS (CVE-2016-10370). In addition, physical attackers can reboot the phone into recovery, and then use 'adb sideload' to push the OTA."
CVE-2018-1170,SCADA,Volkswagen,Volkswagen Customer-Link App,CWE-693,CWE-693-Protection Mechanism Failure,This vulnerability allows adjacent attackers to inject arbitrary Controller Area Network messages on vulnerable installations of Volkswagen Customer-Link App 1.30 and HTC Customer-Link Bridge. Authentication is not required to exploit this vulnerability. The specific flaw exists within the Customer-Link App and Customer-Link Bridge. The issue results from the lack of a proper protection mechanism against unauthorized firmware updates. An attacker can leverage this vulnerability to inject CAN messages. Was ZDI-CAN-5264.
CVE-2018-12635,SCADA,n/a,n/a,,,CirCarLife Scada v4.2.4 allows unauthorized upgrades via requests to the html/upgrade.html and services/system/firmware.upgrade URIs.
CVE-2018-18203,SCADA,n/a,n/a,,,"A vulnerability in the update mechanism of Subaru StarLink Harman head units 2017, 2018, and 2019 may give an attacker (with physical access to the vehicle's USB ports) the ability to rewrite the firmware of the head unit. This occurs because the device accepts modified QNX6 filesystem images (as long as the attacker obtains access to certain Harman decryption/encryption code) as a consequence of a bug where unsigned images pass a validity check. An attacker could potentially install persistent malicious head unit firmware and execute arbitrary code as the root user."
CVE-2018-4838,SCADA,Siemens AG,EN100 Ethernet module IEC 61850 variant,,,"A vulnerability has been identified in EN100 Ethernet module IEC 61850 variant (All versions < V4.30), EN100 Ethernet module DNP3 variant (All versions < V1.04), EN100 Ethernet module PROFINET IO variant (All versions), EN100 Ethernet module Modbus TCP variant (All versions), EN100 Ethernet module IEC 104 variant (All versions < V1.22). The web interface (TCP/80) of affected devices allows an unauthenticated user to upgrade or downgrade the firmware of the device, including to older versions with known vulnerabilities."
CVE-2018-7240,SCADA,Schneider Electric SE,Modicon Quantum,,,"A vulnerability exists in Schneider Electric's Modicon Quantum in all versions of the communication modules which could allow arbitrary code execution. An FTP command used to upgrade the firmware of the module can be misused to cause a denial of service, or in extreme cases, to load a malicious firmware."
CVE-2018-7777,SCADA,Schneider Electric SE,U.Motion,,,"The vulnerability is due to insufficient handling of update_file request parameter on update_module.php in Schneider Electric U.motion Builder software versions prior to v1.3.4. A remote, authenticated attacker can exploit this vulnerability by sending a crafted request to the target server."
CVE-2018-7799,SCADA,Schneider Electric SE,"Schneider Electric Software Update (SESU), all versions prior to V2.2.0",,,"A DLL hijacking vulnerability exists in Schneider Electric Software Update (SESU), all versions prior to V2.2.0, which could allow an attacker to execute arbitrary code on the targeted system when placing a specific DLL file."
CVE-2019-14926,SCADA,n/a,n/a,,,"An issue was discovered on Mitsubishi Electric Europe B.V. ME-RTU devices through 2.02 and INEA ME-RTU devices through 3.0. Hard-coded SSH keys allow an attacker to gain unauthorised access or disclose encrypted data on the RTU due to the keys not being regenerated on initial installation or with firmware updates. In other words, these devices use private-key values in /etc/ssh/ssh_host_rsa_key, /etc/ssh/ssh_host_ecdsa_key, and /etc/ssh/ssh_host_dsa_key files that are publicly available from the vendor web sites."
CVE-2019-19100,SCADA,B&R,Automation Studio,CWE-264,"CWE-264 Permissions, Privileges, and Access Controls","A privilege escalation vulnerability in the upgrade service in B&R Automation Studio versions 4.0.x, 4.1.x, 4.2.x, < 4.3.11SP, < 4.4.9SP, < 4.5.4SP, <. 4.6.3SP, < 4.7.2 and < 4.8.1 allow authenticated users to delete arbitrary files via an exposed interface."
CVE-2019-19102,SCADA,B&R,Automation Studio,CWE-22,CWE-22 Improper Limitation of a Pathname to a Restricted Directory ('Path Traversal'),"A directory traversal vulnerability in SharpZipLib used in the upgrade service in B&R Automation Studio versions 4.0.x, 4.1.x and 4.2.x allow unauthenticated users to write to certain local directories. The vulnerability is also known as zip slip."
CVE-2019-5155,SCADA,Wago,WAGO PFC200 Firmware,,,"An exploitable command injection vulnerability exists in the cloud connectivity feature of WAGO PFC200. An attacker can inject operating system commands into any of the parameter values contained in the firmware update command. This affects WAGO PFC200 Firmware version 03.02.02(14), version 03.01.07(13), and version 03.00.39(12)"
CVE-2019-5156,SCADA,Wago,WAGO PFC200 Firmware,,,"An exploitable command injection vulnerability exists in the cloud connectivity functionality of WAGO PFC200 versions 03.02.02(14), 03.01.07(13), and 03.00.39(12). An attacker can inject operating system commands into the TimeoutPrepared parameter value contained in the firmware update command."
CVE-2019-5157,SCADA,Wago,WAGO PFC200 Firmware,,,"An exploitable command injection vulnerability exists in the Cloud Connectivity functionality of WAGO PFC200 Firmware versions 03.02.02(14), 03.01.07(13), and 03.00.39(12). An attacker can inject OS commands into the TimeoutUnconfirmed parameter value contained in the Firmware Update command."
CVE-2019-5158,SCADA,Wago,WAGO e!COCKPIT,,,An exploitable firmware downgrade vulnerability exists in the firmware update package functionality of the WAGO e!COCKPIT automation software v1.6.1.5. A specially crafted firmware update file can allow an attacker to install an older firmware version while the user thinks a newer firmware version is being installed. An attacker can create a custom firmware update package with invalid metadata in order to trigger this vulnerability.
CVE-2019-5159,SCADA,Wago,WAGO e!COCKPIT,,,"An exploitable improper input validation vulnerability exists in the firmware update functionality of WAGO e!COCKPIT automation software v1.6.0.7. A specially crafted firmware update file can allow an attacker to write arbitrary files to arbitrary locations on WAGO controllers as a part of executing a firmware update, potentially resulting in code execution. An attacker can create a malicious firmware update package file using any zip utility. The user must initiate a firmware update through e!COCKPIT and choose the malicious wup file using the file browser to trigger the vulnerability."
CVE-2019-5160,SCADA,Wago,WAGO PFC200 Firmware,,,"An exploitable improper host validation vulnerability exists in the Cloud Connectivity functionality of WAGO PFC200 Firmware versions 03.02.02(14), 03.01.07(13), and 03.00.39(12). A specially crafted HTTPS POST request can cause the software to connect to an unauthorized host, resulting in unauthorized access to firmware update functionality. An attacker can send an authenticated HTTPS POST request to direct the Cloud Connectivity software to connect to an attacker controlled Azure IoT Hub node."
CVE-2019-6834,SCADA,Schneider Electric,Software Update (SESU) – SUT Service component,CWE-502,CWE-502 Deserialization of Untrusted Data,A CWE-502: Deserialization of Untrusted Data vulnerability exists which could allow an attacker to execute arbitrary code on the targeted system with SYSTEM privileges when placing a malicious user to be authenticated for this vulnerability to be successfully exploited. Affected Product: Schneider Electric Software Update (SESU) SUT Service component (V2.1.1 to V2.3.0)
CVE-2019-6841,SCADA,n/a,"Modicon M580, Modicon M340, and Modicon BMxCRA / 140CRA modules (see notification for version info)",CWE-755,CWE-755: Improper Handling of Exceptional Conditions,"A CWE-755: Improper Handling of Exceptional Conditions vulnerability exists in Modicon M580 with firmware (version prior to V3.10), Modicon M340 (all firmware versions), and Modicon BMxCRA and 140CRA modules (all firmware versions), which could cause a Denial of Service attack on the PLC when upgrading the firmware with no firmware image inside the package using FTP protocol."
CVE-2019-6842,SCADA,n/a,"Modicon M580, Modicon M340, and Modicon BMxCRA / 140CRA modules (see notification for version info)",CWE-755,CWE-755: Improper Handling of Exceptional Conditions,"A CWE-755: Improper Handling of Exceptional Conditions vulnerability exists in Modicon M580, Modicon M340, Modicon BMxCRA and 140CRA modules (all firmware versions), which could cause a Denial of Service attack on the PLC when upgrading the firmware with a missing web server image inside the package using FTP protocol."
CVE-2019-6843,SCADA,n/a,"Modicon M580, Modicon M340, and Modicon BMxCRA / 140CRA modules (see notification for version info)",CWE-755,CWE-755: Improper Handling of Exceptional Conditions,"A CWE-755: Improper Handling of Exceptional Conditions vulnerability exists in Modicon M580 with firmware (version prior to V3.10), Modicon M340 (all firmware versions), and Modicon BMxCRA and 140CRA modules (all firmware versions), which could cause a Denial of Service attack on the PLC when upgrading the controller with an empty firmware package using FTP protocol."
CVE-2019-6844,SCADA,n/a,"Modicon M580, Modicon M340, and Modicon BMxCRA / 140CRA modules (see notification for version info)",CWE-755,CWE-755: Improper Handling of Exceptional Conditions,"A CWE-755: Improper Handling of Exceptional Conditions vulnerability exists in Modicon M580, Modicon M340, Modicon BMxCRA and 140CRA modules (all firmware versions), which could cause a Denial of Service atack on the PLC when upgrading the controller with a firmware package containing an invalid web server image using FTP protocol."
CVE-2019-7229,SCADA,n/a,n/a,,,"The ABB CP635 HMI uses two different transmission methods to upgrade its firmware and its software components: ""Utilization of USB/SD Card to flash the device"" and ""Remote provisioning process via ABB Panel Builder 600 over FTP."" Neither of these transmission methods implements any form of encryption or authenticity checks against the new firmware HMI software binary files."
CVE-2020-25166,SCADA,B. Braun Melsungen AG,SpaceCom,CWE-347,CWE-347: Improper Verification of Cryptographic Signature,"An improper verification of the cryptographic signature of firmware updates of the B. Braun Melsungen AG SpaceCom Version L81/U61 and earlier, and the Data module compactplus Versions A10 and A11 allows attackers to generate valid firmware updates with arbitrary content that can be used to tamper with devices."
CVE-2020-25233,SCADA,Siemens,LOGO! 8 BM (incl. SIPLUS variants),CWE-321,CWE-321: Use of Hard-coded Cryptographic Key,A vulnerability has been identified in LOGO! 8 BM (incl. SIPLUS variants) (All versions < V8.3). The firmware update of affected devices contains the private RSA key that is used as a basis for encryption of communication with the device.
CVE-2020-6965,SCADA,n/a,"GE CARESCAPE Telemetry Server,ApexPro Telemetry Server,CARESCAPE Central Station,Clinical Information Center systems,CARESCAPE B450,B650,B850 Monitors",CWE-434,UNRESTRICTED UPLOAD OF FILE WITH DANGEROUS TYPE CWE-434,"In ApexPro Telemetry Server Versions 4.2 and prior, CARESCAPE Telemetry Server v4.2 & prior, Clinical Information Center (CIC) Versions 4.X and 5.X, CARESCAPE Central Station (CSCS) Versions 1.X, B450 Version 2.X, B650 Version 1.X, B650 Version 2.X, B850 Version 1.X, B850 Version 2.X, a vulnerability in the software update mechanism allows an authenticated attacker to upload arbitrary files on the system through a crafted update package."
CVE-2020-7479,SCADA,n/a,IGSS (Interactive Graphical SCADA System) (IGSS Version prior to 14.0.0.20009),CWE-306,CWE-306:  Missing Authentication for Critical Function,"A CWE-306: Missing Authentication for Critical Function vulnerability exists in IGSS (Versions 14 and prior using the service: IGSSupdate), which could allow a local user to execute processes that otherwise require escalation privileges when sending local network commands to the IGSS Update Service."
CVE-2021-22789,SCADA,n/a,"Modicon M580 CPU (part numbers BMEP* and BMEH*, all versions), Modicon M340 CPU (part numbers BMXP34*, all versions), Modicon MC80 (part numbers BMKC80*, all versions), Modicon Momentum Ethernet CPU (part numbers 171CBU*, all versions), PLC Simulator for EcoStruxureª Control Expert, including all Unity Pro versions (former name of EcoStruxureª Control Expert, all versions), PLC Simulator for EcoStruxureª Process Expert including all HDCS versions (former name of EcoStruxureª Process Expert, all versions), Modicon Quantum CPU (part numbers 140CPU*, all versions), Modicon Premium CPU (part numbers TSXP5*, all versions)",CWE-119,CWE-119: Improper Restriction of Operations within the Bounds of a Memory Buffer,"A CWE-119: Improper Restriction of Operations within the Bounds of a Memory Buffer vulnerability that could cause a Denial of Service on the Modicon PLC controller / simulator when updating the controller application with a specially crafted project file exists in Modicon M580 CPU (part numbers BMEP* and BMEH*, all versions), Modicon M340 CPU (part numbers BMXP34*, all versions), Modicon MC80 (part numbers BMKC80*, all versions), Modicon Momentum Ethernet CPU (part numbers 171CBU*, all versions), PLC Simulator for EcoStruxureª Control Expert, including all Unity Pro versions (former name of EcoStruxureª Control Expert, all versions), PLC Simulator for EcoStruxureª Process Expert including all HDCS versions (former name of EcoStruxureª Process Expert, all versions), Modicon Quantum CPU (part numbers 140CPU*, all versions), Modicon Premium CPU (part numbers TSXP5*, all versions)."
CVE-2021-22790,SCADA,n/a,"Modicon M580 CPU (part numbers BMEP* and BMEH*, all versions), Modicon M340 CPU (part numbers BMXP34*, all versions), Modicon MC80 (part numbers BMKC80*, all versions), Modicon Momentum Ethernet CPU (part numbers 171CBU*, all versions), PLC Simulator for EcoStruxureª Control Expert, including all Unity Pro versions (former name of EcoStruxureª Control Expert, all versions), PLC Simulator for EcoStruxureª Process Expert including all HDCS versions (former name of EcoStruxureª Process Expert, all versions), Modicon Quantum CPU (part numbers 140CPU*, all versions), Modicon Premium CPU (part numbers TSXP5*, all versions)",CWE-125,CWE-125: Out-of-bounds Read,"A CWE-125: Out-of-bounds Read vulnerability that could cause a Denial of Service on the Modicon PLC controller / simulator when updating the controller application with a specially crafted project file exists in Modicon M580 CPU (part numbers BMEP* and BMEH*, all versions), Modicon M340 CPU (part numbers BMXP34*, all versions), Modicon MC80 (part numbers BMKC80*, all versions), Modicon Momentum Ethernet CPU (part numbers 171CBU*, all versions), PLC Simulator for EcoStruxureª Control Expert, including all Unity Pro versions (former name of EcoStruxureª Control Expert, all versions), PLC Simulator for EcoStruxureª Process Expert including all HDCS versions (former name of EcoStruxureª Process Expert, all versions), Modicon Quantum CPU (part numbers 140CPU*, all versions), Modicon Premium CPU (part numbers TSXP5*, all versions)."
CVE-2021-22791,SCADA,n/a,"Modicon M580 CPU (part numbers BMEP* and BMEH*, all versions), Modicon M340 CPU (part numbers BMXP34*, all versions), Modicon MC80 (part numbers BMKC80*, all versions), Modicon Momentum Ethernet CPU (part numbers 171CBU*, all versions), PLC Simulator for EcoStruxureª Control Expert, including all Unity Pro versions (former name of EcoStruxureª Control Expert, all versions), PLC Simulator for EcoStruxureª Process Expert including all HDCS versions (former name of EcoStruxureª Process Expert, all versions), Modicon Quantum CPU (part numbers 140CPU*, all versions), Modicon Premium CPU (part numbers TSXP5*, all versions)",CWE-787,CWE-787: Out-of-bounds Write,"A CWE-787: Out-of-bounds Write vulnerability that could cause a Denial of Service on the Modicon PLC controller / simulator when updating the controller application with a specially crafted project file exists in Modicon M580 CPU (part numbers BMEP* and BMEH*, all versions), Modicon M340 CPU (part numbers BMXP34*, all versions), Modicon MC80 (part numbers BMKC80*, all versions), Modicon Momentum Ethernet CPU (part numbers 171CBU*, all versions), PLC Simulator for EcoStruxureª Control Expert, including all Unity Pro versions (former name of EcoStruxureª Control Expert, all versions), PLC Simulator for EcoStruxureª Process Expert including all HDCS versions (former name of EcoStruxureª Process Expert, all versions), Modicon Quantum CPU (part numbers 140CPU*, all versions), Modicon Premium CPU (part numbers TSXP5*, all versions)."
CVE-2021-22792,SCADA,n/a,"Modicon M580 CPU (part numbers BMEP* and BMEH*, all versions), Modicon M340 CPU (part numbers BMXP34*, all versions), Modicon MC80 (part numbers BMKC80*, all versions), Modicon Momentum Ethernet CPU (part numbers 171CBU*, all versions), PLC Simulator for EcoStruxureª Control Expert, including all Unity Pro versions (former name of EcoStruxureª Control Expert, all versions), PLC Simulator for EcoStruxureª Process Expert including all HDCS versions (former name of EcoStruxureª Process Expert, all versions), Modicon Quantum CPU (part numbers 140CPU*, all versions), Modicon Premium CPU (part numbers TSXP5*, all versions)",CWE-476,CWE-476: NULL Pointer Dereference,"A CWE-476: NULL Pointer Dereference vulnerability that could cause a Denial of Service on the Modicon PLC controller / simulator when updating the controller application with a specially crafted project file exists in Modicon M580 CPU (part numbers BMEP* and BMEH*, all versions), Modicon M340 CPU (part numbers BMXP34*, all versions), Modicon MC80 (part numbers BMKC80*, all versions), Modicon Momentum Ethernet CPU (part numbers 171CBU*, all versions), PLC Simulator for EcoStruxureª Control Expert, including all Unity Pro versions (former name of EcoStruxureª Control Expert, all versions), PLC Simulator for EcoStruxureª Process Expert including all HDCS versions (former name of EcoStruxureª Process Expert, all versions), Modicon Quantum CPU (part numbers 140CPU*, all versions), Modicon Premium CPU (part numbers TSXP5*, all versions)."
CVE-2021-27428,SCADA,GE,UR family,CWE-434,UNRESTRICTED UPLOAD OF FILE WITH DANGEROUS TYPE CWE-434,"GE UR IED firmware versions prior to version 8.1x supports upgrading firmware using UR Setup configuration tool – Enervista UR Setup. This UR Setup tool validates the authenticity and integrity of firmware file before uploading the UR IED. An illegitimate user could upgrade firmware without appropriate privileges. The weakness is assessed, and mitigation is implemented in firmware Version 8.10."
CVE-2021-37160,SCADA,n/a,n/a,,,"A firmware validation issue was discovered in HMI3 Control Panel in Swisslog Healthcare Nexus Panel operated by released versions of software before Nexus Software 7.2.5.7. There is no firmware validation (e.g., cryptographic signature validation) during a File Upload for a firmware update."
CVE-2021-40419,SCADA,n/a,n/a,CWE-489,CWE-489: Leftover Debug Code,A firmware update vulnerability exists in the 'factory' binary of reolink RLC-410W v3.0.0.136_20121102. A specially-crafted series of network requests can lead to arbitrary firmware update. An attacker can send a sequence of requests to trigger this vulnerability.
CVE-2021-40825,SCADA,n/a,n/a,,,nLight ECLYPSE (nECY) system Controllers running software prior to 1.17.21245.754 contain a default key vulnerability. The nECY does not force a change to the key upon the initial configuration of an affected device. nECY system controllers utilize an encrypted channel to secure SensorViewTM configuration and monitoring software and nECY to nECY communications. Impacted devices are at risk of exploitation. A remote attacker with IP access to an impacted device could submit lighting control commands to the nECY by leveraging the default key. A successful attack may result in the attacker gaining the ability to modify lighting conditions or gain the ability to update the software on lighting devices. The impacted key is referred to as the SensorView Password in the nECY nLight Explorer Interface and the Gateway Password in the SensorView application. An attacker cannot authenticate to or modify the configuration or software of the nECY system controller.
CVE-2022-29957,SCADA,n/a,n/a,,,"The Emerson DeltaV Distributed Control System (DCS) through 2022-04-29 mishandles authentication. It utilizes several proprietary protocols for a wide variety of functionality. These protocols include Firmware upgrade (18508/TCP, 18518/TCP); Plug-and-Play (18510/UDP); Hawk services (18507/UDP); Management (18519/TCP); Cold restart (18512/UDP); SIS communications (12345/TCP); and Wireless Gateway Protocol (18515/UDP). None of these protocols have any authentication features, allowing any attacker capable of communicating with the ports in question to invoke (a subset of) desired functionality."
CVE-2022-30272,SCADA,n/a,n/a,,,"The Motorola ACE1000 RTU through 2022-05-02 mishandles firmware integrity. It utilizes either the STS software suite or ACE1000 Easy Configurator for performing firmware updates. In case of the Easy Configurator, firmware updates are performed through access to the Web UI where file system, kernel, package, bundle, or application images can be installed. Firmware updates for the Front End Processor (FEP) module are performed via access to the SSH interface (22/TCP), where a .hex file image is transferred and a bootloader script invoked. File system, kernel, package, and bundle updates are supplied as RPM (RPM Package Manager) files while FEP updates are supplied as S-rec files. In all cases, firmware images were found to have no authentication (in the form of firmware signing) and only relied on insecure checksums for regular integrity checks."
CVE-2022-30997,SCADA,Yokogawa Electric Corporation,STARDOM Controller,CWE-798,CWE-798 Use of Hard-coded Credentials,"Use of hard-coded credentials vulnerability exists in STARDOM FCN Controller and FCJ Controller R4.10 to R4.31, which may allow an attacker with an administrative privilege to read/change configuration settings or update the controller with tampered firmware."
CVE-2022-31481,SCADA,LenelS2,LNL-X2210,CWE-120,CWE-120 Buffer Overflow,"An unauthenticated attacker can send a specially crafted update file to the device that can overflow a buffer. This vulnerability impacts products based on HID Mercury Intelligent Controllers LP1501, LP1502, LP2500, LP4502, and EP4502 which contain firmware versions prior to 1.302 for the LP series and 1.296 for the EP series. The overflowed data can allow the attacker to manipulate the “normal” code execution to that of their choosing. An attacker with this level of access on the device can monitor all communications sent to and from this device, modify onboard relays, change configuration files, or cause the device to become unstable."
CVE-2022-32252,SCADA,Siemens,SINEMA Remote Connect Server,CWE-345,CWE-345: Insufficient Verification of Data Authenticity,"A vulnerability has been identified in SINEMA Remote Connect Server (All versions < V3.1). The application does not perform the integrity check of the update packages. Without validation, an admin user might be tricked to install a malicious package, granting root privileges to an attacker."
CVE-2022-32259,SCADA,Siemens,SINEMA Remote Connect Server,CWE-1244,CWE-1244: Internal Asset Exposed to Unsafe Debug Access Level or State,A vulnerability has been identified in SINEMA Remote Connect Server (All versions < V3.1). The system images for installation or update of the affected application contain unit test scripts with sensitive information. An attacker could gain information about testing architecture and also tamper with test configuration.
CVE-2022-36360,SCADA,Siemens,LOGO! 8 BM (incl. SIPLUS variants),CWE-345,CWE-345: Insufficient Verification of Data Authenticity,A vulnerability has been identified in LOGO! 8 BM (incl. SIPLUS variants) (All versions < V8.3). Affected devices load firmware updates without checking the authenticity. Furthermore the integrity of the unencrypted firmware is only verified by a non-cryptographic method. This could allow an attacker to manipulate a firmware update and flash it to the device.
CVE-2022-3864,SCADA,Hitachi Energy,Relion 670/650/SAM600-IO Series,CWE-347,CWE-347: Improper Verification of Cryptographic Signature,"
A vulnerability exists in the Relion update package signature validation. A tampered update package could cause the IED to restart. After restart the device is back to normal operation.
An attacker could exploit the vulnerability by first gaining access to
the system with security privileges and attempt to update the IED
with a malicious update package. Successful exploitation of this
vulnerability will cause the IED to restart, causing a temporary Denial of Service.

"
CVE-2023-40254,SCADA,Genians,Genian NAC V4.0,CWE-89,CWE-89 Improper Neutralization of Special Elements used in an SQL Command ('SQL Injection'),"Download of Code Without Integrity Check vulnerability in Genians Genian NAC V4.0, Genians Genian NAC V5.0, Genians Genian NAC Suite V5.0, Genians Genian ZTNA allows Malicious Software Update.This issue affects Genian NAC V4.0: from V4.0.0 through V4.0.155; Genian NAC V5.0: from V5.0.0 through V5.0.42 (Revision 117460); Genian NAC Suite V5.0: from V5.0.0 through V5.0.54; Genian ZTNA: from V6.0.0 through V6.0.15.

"
CVE-2023-4516,SCADA,Schneider Electric,IGSS Update Service (IGSSupdateservice.exe),CWE-306,CWE-306:  Missing Authentication for Critical Function,"
A CWE-306: Missing Authentication for Critical Function vulnerability exists in the IGSS Update
Service that could allow a local attacker to change update source, potentially leading to remote
code execution when the attacker force an update containing malicious content.

"
CVE-2023-4626,SCADA,binhnguyenplus,"LadiApp: Landing Page, PopupX, Marketing Automation, Affiliate Marketing…",,,"The LadiApp plugin for WordPress is vulnerable to unauthorized modification of data due to a missing capability check on the ladiflow_save_hook() function in versions up to, and including, 4.3. This makes it possible for authenticated attackers with subscriber-level access and above to update the 'ladiflow_hook_configs' option."
CVE-2023-4627,SCADA,binhnguyenplus,"LadiApp: Landing Page, PopupX, Marketing Automation, Affiliate Marketing…",,,"The LadiApp plugin for WordPress is vulnerable to unauthorized modification of data due to a missing capability check on the save_config() function in versions up to, and including, 4.4. This makes it possible for authenticated attackers with subscriber-level access and above to update the 'ladipage_config' option."
CVE-2023-4629,SCADA,binhnguyenplus,"LadiApp: Landing Page, PopupX, Marketing Automation, Affiliate Marketing…",,,"The LadiApp plugin for WordPress is vulnerable to Cross-Site Request Forgery due to a missing nonce check on the save_config() function in versions up to, and including, 4.3. This makes it possible for unauthenticated attackers to update the 'ladipage_config' option via a forged request granted they can trick a site administrator into performing an action such as clicking on a link."
CVE-2023-48902,SCADA,n/a,n/a,CWE-269,CWE-269 Improper Privilege Management,"An issue was discovered in tramyardg autoexpress version 1.3.0, allows unauthenticated remote attackers to escalate privileges, update car data, delete vehicles, and upload car images via authentication bypass in uploadCarImages.php."
CVE-2023-4929,SCADA,Moxa,NPort 5000AI-M12 Series,CWE-354,CWE-354 Improper Validation of Integrity Check Value,"All firmware versions of the NPort 5000 Series are affected by an improper validation of integrity check vulnerability. This vulnerability results from insufficient checks on firmware updates or upgrades, potentially allowing malicious users to manipulate the firmware and gain control of devices.

"
CVE-2023-5984,SCADA,Schneider Electric,ION8650,CWE-494,CWE-494,"
A CWE-494 Download of Code Without Integrity Check vulnerability exists that could allow
modified firmware to be uploaded when an authorized admin user begins a firmware update
procedure which could result in full control over the device.

"
CVE-2024-0220,SCADA,B&R Industrial Automation,Automation Studio,CWE-1240; CWE-319; CWE-94,CWE-1240: Use of a Cryptographic Primitive with a Risky Implementation; CWE-319 Cleartext Transmission of Sensitive Information; CWE-94 Improper Control of Generation of Code ('Code Injection'),B&R Automation Studio Upgrade Service and B&R Technology Guarding use insufficient cryptography for communication to the upgrade and the licensing servers. A network-based attacker could exploit the vulnerability to execute arbitrary code on the products or sniff sensitive data.
CVE-2024-12577,SCADA,Imagination Technologies,Graphics DDK,CWE-823,CWE - CWE-823: Use of Out-of-range Pointer Offset (4.16),Kernel software installed and running inside a Guest VM may exploit memory shared with the GPU Firmware to write data outside the Guest's virtualised GPU memory.
CVE-2024-23811,SCADA,Siemens,SINEC NMS,CWE-434,UNRESTRICTED UPLOAD OF FILE WITH DANGEROUS TYPE CWE-434,"A vulnerability has been identified in SINEC NMS (All versions < V2.0 SP1). The affected application allows users to upload arbitrary files via TFTP. This could allow an attacker to upload malicious firmware images or other files, that could potentially lead to remote code execution."
CVE-2024-2617,SCADA,Hitachi Energy,RTU500 series CMU firmware,CWE-358,CWE-358 Improperly Implemented Security Check for Standard,"
A vulnerability exists in the RTU500 that allows for authenticated and authorized users to bypass secure update. If a
malicious actor successfully exploits this vulnerability, they
could use it to update the RTU500 with unsigned firmware.

"
CVE-2024-27944,SCADA,Siemens,RUGGEDCOM CROSSBOW,CWE-73,CWE-73: External Control of File Name or Path,"A vulnerability has been identified in RUGGEDCOM CROSSBOW (All versions < V5.5). The affected systems allow a privileged user to upload firmware files to the root installation directory of the system. By replacing specific files, an attacker could tamper specific files or even achieve remote code execution."
CVE-2024-28146,SCADA,Image Access GmbH,Scan2Net,CWE-798,CWE-798 Use of Hard-coded Credentials,"The application uses several hard-coded credentials to encrypt config files during backup, to decrypt the new firmware during an update and some passwords allow a direct connection to the database server of the affected device."
CVE-2024-35210,SCADA,Siemens,SINEC Traffic Analyzer,CWE-319,CWE-319 Cleartext Transmission of Sensitive Information,A vulnerability has been identified in SINEC Traffic Analyzer (6GK8822-1BG01-0BA0) (All versions < V1.2). The affected web server is not enforcing HSTS. This could allow an attacker to perform downgrade attacks exposing confidential information.
CVE-2024-39601,SCADA,Siemens,CPCI85 Central Processing/Communication,CWE-306,CWE-306:  Missing Authentication for Critical Function,"A vulnerability has been identified in CPCI85 Central Processing/Communication (All versions < V5.40), SICORE Base system (All versions < V1.4.0). Affected devices allow a remote authenticated user or an unauthenticated user with physical access to downgrade the firmware of the device. This could allow an attacker to downgrade the device to older versions with known vulnerabilities."
CVE-2024-39872,SCADA,Siemens,SINEMA Remote Connect Server,CWE-378,CWE-378: Creation of Temporary File With Insecure Permissions,A vulnerability has been identified in SINEMA Remote Connect Server (All versions < V3.2 SP1). The affected application does not properly assign rights to temporary files created during its update process. This could allow an authenticated attacker with the 'Manage firmware updates' role to escalate their privileges on the underlying OS level.
CVE-2024-41967,SCADA,WAGO,CC100 0751-9x01,CWE-306,CWE-306:  Missing Authentication for Critical Function,"A low privileged remote attacker may modify the boot mode configuration setup of the device, leading to modification of the firmware upgrade process or a denial-of-service attack."
CVE-2024-46975,SCADA,Imagination Technologies,Graphics DDK,CWE-270,CWE - CWE-270: Privilege Context Switching Error (4.16),Kernel software installed and running inside a Guest VM may exploit memory shared with the GPU Firmware to write data into another Guest's virtualised GPU memory.
CVE-2024-47893,SCADA,Imagination Technologies,Graphics DDK,CWE-823,CWE - CWE-823: Use of Out-of-range Pointer Offset (4.16),Kernel software installed and running inside a Guest VM may exploit memory shared with the GPU Firmware to read and/or write data outside the Guest's virtualised GPU memory.
CVE-2024-47894,SCADA,Imagination Technologies,Graphics DDK,CWE-823,CWE - CWE-823: Use of Out-of-range Pointer Offset (4.16),Kernel software installed and running inside a Guest VM may post improper commands to the GPU Firmware to read data outside the Guest's virtualised GPU memory.
CVE-2024-47895,SCADA,Imagination Technologies,Graphics DDK,CWE-823,CWE - CWE-823: Use of Out-of-range Pointer Offset (4.16),Kernel software installed and running inside a Guest VM may post improper commands to the GPU Firmware to read data outside the Guest's virtualised GPU memory.
CVE-2024-47896,SCADA,Imagination Technologies,Graphics DDK,CWE-823,CWE - CWE-823: Use of Out-of-range Pointer Offset (4.16),Kernel software installed and running inside a Guest VM may exploit memory shared with the GPU Firmware to write data outside the Guest's virtualised GPU memory.
CVE-2024-48778,SCADA,n/a,n/a,CWE-863,CWE-863 Incorrect Authorization,"An issue in GIANT MANUFACTURING CO., LTD RideLink (tw.giant.ridelink) 2.0.7 allows a remote attacker to obtain sensitive information via the firmware update process."
CVE-2024-5056,SCADA,Schneider Electric,Modicon M340,CWE-552,CWE-552 Files or Directories Accessible to External Parties,"CWE-552: Files or Directories Accessible to External Parties vulnerability exists which may
prevent user to update the device firmware and prevent proper behavior of the webserver when
specific files or directories are removed from the filesystem."
CVE-2024-52935,SCADA,Imagination Technologies,Graphics DDK,CWE-823,CWE - CWE-823: Use of Out-of-range Pointer Offset (4.16),Kernel software installed and running inside a Guest VM may exploit memory shared with the GPU Firmware to write data outside the Guest's virtualised GPU memory.
CVE-2024-52936,SCADA,Imagination Technologies,Graphics DDK,CWE-823,CWE - CWE-823: Use of Out-of-range Pointer Offset (4.16),Kernel software installed and running inside a Guest VM may post improper commands to the GPU Firmware to write data outside the Guest's virtualised GPU memory.
CVE-2024-52937,SCADA,Imagination Technologies,Graphics DDK,CWE-823,CWE - CWE-823: Use of Out-of-range Pointer Offset (4.16),Kernel software installed and running inside a Guest VM may exploit memory shared with the GPU Firmware to write data outside the Guest's virtualised GPU memory.
CVE-2024-52938,SCADA,Imagination Technologies,Graphics DDK,CWE-823,CWE - CWE-823: Use of Out-of-range Pointer Offset (4.16),Kernel software installed and running inside a Guest VM may post improper commands to the GPU Firmware to subvert reconstruction activities to trigger a write of data outside the Guest's virtualised GPU memory.
CVE-2024-52939,SCADA,Imagination Technologies,Graphics DDK,CWE-823,CWE - CWE-823: Use of Out-of-range Pointer Offset (4.16),Kernel software installed and running inside a Guest VM may post improper commands to the GPU Firmware to trigger a write data outside the Guest's virtualised GPU memory.
CVE-2024-56336,SCADA,Siemens,SINAMICS S200,CWE-287,CWE-287: Improper Authentication,"A vulnerability has been identified in SINAMICS S200 (All versions with serial number beginning with SZVS8, SZVS9, SZVS0 or SZVSN and the FS number is 02). The affected device contains an unlocked bootloader. This security oversight enables attackers to inject malicious code, or install untrusted firmware. The intrinsic security features designed to protect against data manipulation and unauthorized access are compromised when the bootloader is not secured."
CVE-2024-8531,SCADA,Schneider Electric,Data Center Expert,CWE-347,CWE-347: Improper Verification of Cryptographic Signature,"CWE-347: Improper Verification of Cryptographic Signature vulnerability exists that could
compromise the Data Center Expert software when an upgrade bundle is manipulated to
include arbitrary bash scripts that are executed as root."
CVE-2025-0626,SCADA,Contec Health,CMS8000 Patient Monitor,CWE-912,CWE-912 Hidden Functionality,"The ""monitor"" binary in the firmware of the affected product attempts to mount to a hard-coded, routable IP address, bypassing existing device network settings to do so. The function also enables the network interface of the device if it is disabled. The function is triggered by attempting to update the device from the user menu. This could serve as a backdoor to the device, and could lead to a malicious actor being able to upload and overwrite files on the device."
CVE-2025-11781,SCADA,SGE-PLC1000 SGE-PLC50,Circutor,CWE-321,CWE-321: Use of Hard-coded Cryptographic Key,"Use of hardcoded cryptographic keys in Circutor SGE-PLC1000/SGE-PLC50 v9.0.2. The affected firmware contains a hardcoded static authentication key. An attacker with local access to the device can extract this key (e.g., by analysing the firmware image or memory dump) and create valid firmware update packages. This bypasses all intended access controls and grants full administrative privileges."
CVE-2025-1204,SCADA,Contec Health,CMS8000 Patient Monitor,CWE-912,CWE-912 Hidden Functionality,"The ""update"" binary in the firmware of the affected product sends attempts to mount to a hard-coded, routable IP address, bypassing existing device network settings to do so. The function triggers if the 'C' button is pressed at a specific time during the boot process. If an attacker is able to control or impersonate this IP address, they could upload and overwrite files on the device."
CVE-2025-22366,SCADA,Mennekes,Smart / Premium charging stations,CWE-250; CWE-78,CWE-250; CWE-78 Improper Neutralization of Special Elements used in an OS Command ('OS Command Injection'),The authenticated firmware update capability of the firmware for Mennekes Smart / Premium Chargingpoints can be abused for command execution because OS command are improperly neutralized when certain fields are passed to the underlying OS.
CVE-2025-34215,SCADA,Vasion,Print Virtual Appliance Host,CWE-306; CWE-321,CWE-306:  Missing Authentication for Critical Function; CWE-321: Use of Hard-coded Cryptographic Key,"Vasion Print (formerly PrinterLogic) Virtual Appliance Host prior to version 22.0.1026 and Application prior to version 20.0.2702 (only VA deployments) expose an unauthenticated firmware-upload flow: a public page returns a signed token usable at va-api/v1/update, and every Docker image contains the appliance’s private GPG key and hard-coded passphrase. An attacker who extracts the key and obtains a token can decrypt, modify, re-sign, upload, and trigger malicious firmware, gaining remote code execution. This vulnerability has been identified by the vendor as: V-2024-020 — Remote Code Execution."
CVE-2025-48417,SCADA,eCharge Hardy Barth,cPH2 / cPP2 charging stations,CWE-321,CWE-321: Use of Hard-coded Cryptographic Key,"The certificate and private key used for providing transport layer security for connections to the web interface (TCP port 443) is hard-coded in the firmware and are shipped with the update files. An attacker can use the private key to perform man-in-the-middle attacks against users of the admin interface. The files are located in /etc/ssl (e.g. salia.local.crt, salia.local.key and salia.local.pem). There is no option to upload/configure custom TLS certificates."
CVE-2025-48469,SCADA,Advantech,Advantech Wireless Sensing and Equipment (WISE),CWE-306,CWE-306:  Missing Authentication for Critical Function,"Successful exploitation of the vulnerability could allow an unauthenticated attacker to upload firmware through a public update page, potentially leading to backdoor installation or privilege escalation."
CVE-2025-50122,SCADA,Schneider Electric,EcoStruxure™ IT Data Center Expert,CWE-331,CWE-331 Insufficient Entropy,"A CWE-331: Insufficient Entropy vulnerability exists that could cause root password discovery when the
password generation algorithm is reverse engineered with access to installation or upgrade artifacts."
CVE-2016-1278,Enterprise,n/a,n/a,,,"Juniper Junos OS before 12.1X46-D50 on SRX Series devices reverts to ""safe mode"" authentication and allows root CLI logins without a password after a failed upgrade to 12.1X46, which might allow local users to gain privileges by leveraging use of the ""request system software"" command with the ""partition"" option."
CVE-2016-1365,Enterprise,n/a,n/a,,,"The Grapevine update process in Cisco Application Policy Infrastructure Controller Enterprise Module (APIC-EM) 1.0 allows remote authenticated users to execute arbitrary commands as root via a crafted upgrade parameter, aka Bug ID CSCux15507."
CVE-2016-1411,Enterprise,n/a,Cisco AsyncOS,,,"A vulnerability in the update functionality of Cisco AsyncOS Software for Cisco Email Security Appliance (ESA), Cisco Web Security Appliance (WSA), and Cisco Content Management Security Appliance (SMA) could allow an unauthenticated, remote attacker to impersonate the update server. More Information: CSCul88715, CSCul94617, CSCul94627. Known Affected Releases: 7.5.2-201 7.6.3-025 8.0.1-023 8.5.0-000 8.5.0-ER1-198 7.5.2-HP2-303 7.7.0-608 7.7.5-835 8.5.1-021 8.8.0-000 7.9.1-102 8.0.0-404 8.1.1-013 8.2.0-222. Known Fixed Releases: 8.0.2-069 8.0.2-074 8.5.7-042 9.1.0-032 8.5.2-027 9.6.1-019."
CVE-2016-3016,Enterprise,IBM Corporation,Access Manager,,,"IBM Security Access Manager for Web processes patches, image backups and other updates without sufficiently verifying the origin and integrity of the code, which could allow an authenticated attacker to load malicious code."
CVE-2017-11003,Enterprise,"Qualcomm, Inc.","Android for MSM, Firefox OS for MSM, QRD Android",,,"In Android for MSM, Firefox OS for MSM, QRD Android, with all Android releases from CAF using the Linux kernel, while updating a firmware image, data is read from flash into RAM without checking that the data fits into allotted RAM size."
CVE-2017-12306,Enterprise,n/a,Cisco Spark Board,CWE-16,CWE-16,"A vulnerability in the upgrade process of Cisco Spark Board could allow an authenticated, local attacker to install an unverified upgrade package, aka Signature Verification Bypass. The vulnerability is due to insufficient upgrade package validation. An attacker could exploit this vulnerability by providing the upgrade process with an upgrade package that the attacker controls. An exploit could allow the attacker to install custom firmware to the Spark Board. Cisco Bug IDs: CSCvf84502."
CVE-2017-12337,Enterprise,n/a,Cisco Voice Operating System,CWE-287,CWE-287,"A vulnerability in the upgrade mechanism of Cisco collaboration products based on the Cisco Voice Operating System software platform could allow an unauthenticated, remote attacker to gain unauthorized, elevated access to an affected device. The vulnerability occurs when a refresh upgrade (RU) or Prime Collaboration Deployment (PCD) migration is performed on an affected device. When a refresh upgrade or PCD migration is completed successfully, an engineering flag remains enabled and could allow root access to the device with a known password. If the vulnerable device is subsequently upgraded using the standard upgrade method to an Engineering Special Release, service update, or a new major release of the affected product, this vulnerability is remediated by that action. Note: Engineering Special Releases that are installed as COP files, as opposed to the standard upgrade method, do not remediate this vulnerability. An attacker who can access an affected device over SFTP while it is in a vulnerable state could gain root access to the device. This access could allow the attacker to compromise the affected system completely. Cisco Bug IDs: CSCvg22923, CSCvg55112, CSCvg55128, CSCvg55145, CSCvg58619, CSCvg64453, CSCvg64456, CSCvg64464, CSCvg64475, CSCvg68797."
CVE-2017-1267,Enterprise,IBM,Security Guardium,,,"IBM Security Guardium 10.0 and 10.1 processes patches, image backups and other updates without sufficiently verifying the origin and integrity of the code. IBM X-Force ID: 124742."
CVE-2017-1405,Enterprise,IBM,Security Identity Manager,,,"IBM Security Identity Manager Virtual Appliance 7.0 processes patches, image backups and other updates without sufficiently verifying the origin and integrity of the code. IBM X-Force ID: 127392."
CVE-2017-14869,Enterprise,"Qualcomm, Inc.","Android for MSM, Firefox OS for MSM, QRD Android",,,"In Android for MSM, Firefox OS for MSM, QRD Android, with all Android releases from CAF using the Linux kernel, while performing update of FOTA partition, uninitialized data can be pushed to storage."
CVE-2017-1541,Enterprise,IBM,AIX,,,"A flaw in the AIX 5.3, 6.1, 7.1, and 7.2 JRE/SDK installp and updatep packages prevented the java.security, java.policy and javaws.policy files from being updated correctly. IBM X-Force ID: 130809."
CVE-2017-15884,Enterprise,n/a,n/a,,,"In HashiCorp Vagrant VMware Fusion plugin (aka vagrant-vmware-fusion) 5.0.0, a local attacker or malware can silently subvert the plugin update process in order to escalate to root privileges."
CVE-2017-16001,Enterprise,n/a,n/a,,,"In HashiCorp Vagrant VMware Fusion plugin (aka vagrant-vmware-fusion) 5.0.1, a local attacker or malware can silently subvert the plugin update process in order to escalate to root privileges."
CVE-2017-16512,Enterprise,n/a,n/a,,,The vagrant update process in Hashicorp vagrant-vmware-fusion 5.0.2 through 5.0.4 allows local users to steal root privileges via a crafted update request when no updates are available.
CVE-2017-17023,Enterprise,n/a,n/a,,,"The Sophos UTM VPN endpoint interacts with client software provided by NPC Engineering (www.ncp-e.com). The affected client software, ""Sophos IPSec Client"" 11.04 is a rebranded version of NCP ""Secure Entry Client"" 10.11 r32792. A vulnerability in the software update feature of the VPN client allows a man-in-the-middle (MITM) or man-on-the-side (MOTS) attacker to execute arbitrary, malicious software on a target user's computer. This is related to SIC_V11.04-64.exe (Sophos), NCP_EntryCl_Windows_x86_1004_31799.exe (NCP), and ncpmon.exe (both Sophos and NCP). The vulnerability exists because: (1) the VPN client requests update metadata over an insecure HTTP connection; and (2) the client software does not check if the software update is signed before running it."
CVE-2017-2739,Enterprise,"Huawei Technologies Co., Ltd.",Vmall,,,"The upgrade package of Huawei Vmall APP Earlier than HwVmall 1.5.3.0 versions is transferred through HTTP. A man in the middle (MITM) can tamper with the upgrade package of Huawei Vmall APP, and to implant the malicious applications."
CVE-2017-4989,Enterprise,n/a,"EMC Avamar Server Software 7.3.1-125, 7.3.0-233, 7.3.0-226, 7.2.1-32, 7.2.1-31, 7.2.0-401",,,"In EMC Avamar Server Software 7.3.1-125, 7.3.0-233, 7.3.0-226, 7.2.1-32, 7.2.1-31, 7.2.0-401, an unauthenticated remote attacker may potentially bypass the authentication process to gain access to the system maintenance page. This may be exploited by an attacker to view sensitive information, perform software updates, or run maintenance workflows."
CVE-2017-6667,Enterprise,n/a,Cisco Context Service SDK,,,"A vulnerability in the update process for the dynamic JAR file of the Cisco Context Service software development kit (SDK) could allow an unauthenticated, remote attacker to execute arbitrary code on the affected device with the privileges of the web server. More Information: CSCvb66730. Known Affected Releases: 2.0."
CVE-2017-6759,Enterprise,n/a,Cisco Prime Collaboration Provisioning Tool,CWE-20,CWE-20,"A vulnerability in the UpgradeManager of the Cisco Prime Collaboration Provisioning Tool 12.1 could allow an authenticated, remote attacker to write arbitrary files as root on the system. The vulnerability is due to insufficient input validation. An attacker could exploit this vulnerability by triggering the upgrade package installation functionality. Cisco Bug IDs: CSCvc90304."
CVE-2017-7480,Enterprise,"Red Hat, Inc.",rkhunter,CWE-300,CWE-300,rkhunter versions before 1.4.4 are vulnerable to file download over insecure channel when doing mirror update resulting into potential remote code execution.
CVE-2017-7543,Enterprise,Red Hat,openstack-neutron,CWE-362,CWE-362,"A race-condition flaw was discovered in openstack-neutron before 7.2.0-12.1, 8.x before 8.3.0-11.1, 9.x before 9.3.1-2.1, and 10.x before 10.0.2-1.1, where, following a minor overcloud update, neutron security groups were disabled. Specifically, the following were reset to 0: net.bridge.bridge-nf-call-ip6tables and net.bridge.bridge-nf-call-iptables. The race was only triggered by an update, at which point an attacker could access exposed tenant VMs and network resources."
CVE-2018-0449,Enterprise,Cisco,Cisco Jabber for Mac,CWE-275,CWE-275,"A vulnerability in the Cisco Jabber Client Framework (JCF) software, installed as part of the Cisco Jabber for Mac client, could allow an authenticated, local attacker to corrupt arbitrary files on an affected device that has elevated privileges. The vulnerability exists due to insecure directory permissions set on a JCF created directory. An authenticated attacker with the ability to access an affected directory could create a hard link to an arbitrary location on the affected system. An attacker could convince another user that has administrative privileges to perform an install or update the Cisco Jabber for Mac client to perform such actions, allowing files to be created in an arbitrary location on the disk or an arbitrary file to be corrupted when it is appended to or overwritten."
CVE-2018-15476,Enterprise,n/a,n/a,,,"An issue was discovered in myStrom WiFi Switch V1 before 2.66, WiFi Switch V2 before 3.80, WiFi Switch EU before 3.80, WiFi Bulb before 2.58, WiFi LED Strip before 3.80, WiFi Button before 2.73, and WiFi Button Plus before 2.73. The SSL/TLS server certificate in the device to cloud communication was not verified by the device. As a result, an attacker in control of the network traffic of a device could have taken control of a device by intercepting and modifying commands issued from the server to the device in a Man-in-the-Middle attack. This included the ability to inject firmware update commands into the communication and cause the device to install maliciously modified firmware."
CVE-2018-15480,Enterprise,n/a,n/a,,,"An issue was discovered in myStrom WiFi Switch V1 before 2.66, WiFi Switch V2 before 3.80, WiFi Switch EU before 3.80, WiFi Bulb before 2.58, WiFi LED Strip before 3.80, WiFi Button before 2.73, and WiFi Button Plus before 2.73. The cloud API had a hidden parameter, which allowed an authenticated user to reconfigure the server URL for a device registered to their account. In combination with an insecure device registration vulnerability, this allowed an attacker to reconfigure a maliciously registered device to their own rogue replica of the myStrom API and issue commands to the device, including firmware update commands."
CVE-2018-17915,Enterprise,"Hangzhou Xiongmai Technology Co., Ltd",XMeye P2P Cloud Server,CWE-311,MISSING ENCRYPTION OF SENSITIVE DATA CWE-311,"All versions of Hangzhou Xiongmai Technology Co., Ltd XMeye P2P Cloud Server do not encrypt all device communication. This includes the XMeye service and firmware update communication. This could allow an attacker to eavesdrop on video feeds, steal XMeye login credentials, or impersonate the update server with malicious update code."
CVE-2018-3969,Enterprise,n/a,CUJO,,,"An exploitable vulnerability exists in the verified boot protection of the CUJO Smart Firewall. It is possible to add arbitrary shell commands into the dhcpd.conf file, that persist across reboots and firmware updates, and thus allow for executing unverified commands. To trigger this vulnerability, a local attacker needs to be able to write into /config/dhcpd.conf."
CVE-2018-4028,Enterprise,n/a,Novatek,,,"An exploitable firmware update vulnerability exists in the NT9665X Chipset firmware running on the Anker Roav A1 Dashcam, version RoavA1SWV1.9. The HTTP server could allow an attacker to overwrite the root directory of the server, resulting in a denial of service. An attacker can send an HTTP POST request to trigger this vulnerability."
CVE-2018-6442,Enterprise,"Brocade Communications Systems, Inc.",Brocade Fabric OS,,,"A vulnerability in the Brocade Webtools firmware update section of Brocade Fabric OS before 8.2.1, 8.1.2f, 8.0.2f, 7.4.2d could allow remote authenticated attackers to execute arbitrary commands."
CVE-2018-8855,Enterprise,Echelon,SmartServer 1,CWE-319,CLEARTEXT TRANSMISSION OF SENSITIVE INFORMATION CWE-319,"Echelon SmartServer 1 all versions, SmartServer 2 all versions prior to release 4.11.007, i.LON 100 all versions, and i.LON 600 all versions. The devices allow unencrypted Web connections by default, and devices can receive configuration and firmware updates by unsecure FTP."
CVE-2018-9191,Enterprise,Fortinet,Fortinet FortiClient for Windows,,,A local privilege escalation in Fortinet FortiClient for Windows 6.0.4 and earlier allows attackers to execute unauthorized code or commands via the named pipe responsible for Forticlient updates.
CVE-2019-11994,Enterprise,n/a,HPE SimpliVity 2600 Gen10; HPE SimpliVity 380 Gen10; HPE SimpliVity 380 Gen10 G; HPE SimpliVity 380 Gen9; SimpliVity OmniCube; SimpliVity OmniStack for Cisco; SimpliVity OmniStack for Dell; SimpliVity OmniStack for Lenovo,,,"A security vulnerability has been identified in HPE SimpliVity 380 Gen 9, HPE SimpliVity 380 Gen 10, HPE SimpliVity 380 Gen 10 G, HPE SimpliVity 2600 Gen 10, SimpliVity OmniCube, SimpliVity OmniStack for Cisco, SimpliVity OmniStack for Lenovo and SimpliVity OmniStack for Dell nodes. An API is used to execute a command manifest file during upgrade does not correctly prevent directory traversal and so can be used to execute manifest files in arbitrary locations on the node. The API does not require user authentication and is accessible over the management network, resulting in the potential for unauthenticated remote execution of manifest files. For all customers running HPE OmniStack version 3.7.9 and earlier. HPE recommends upgrading the OmniStack software to version 3.7.10 or later, which contains a permanent resolution. Customers and partners who can upgrade to 3.7.10 should upgrade at the earliest convenience. For all customers and partners unable to upgrade their environments to the recommended version 3.7.10, HPE has created a Temporary Workaround https://support.hpe.com/hpsc/doc/public/display?docLocale=en_US&docId=mmr_sf-EN_US000061901&withFrame for you to implement. All customer should upgrade to the recommended 3.7.10 or later version at the earliest convenience."
CVE-2019-12574,Enterprise,n/a,n/a,,,"A vulnerability in the London Trust Media Private Internet Access (PIA) VPN Client v1.0 for Windows could allow an authenticated, local attacker to run arbitrary code with elevated privileges. The PIA client is vulnerable to a DLL injection vulnerability during the software update process. The updater loads several libraries from a folder that authenticated users have write access to. A low privileged user can leverage this vulnerability to execute arbitrary code as SYSTEM."
CVE-2019-16000,Enterprise,Cisco,Cisco Umbrella Enterprise Roaming Client for Windows,CWE-345,CWE-345,"A vulnerability in the automatic update process of Cisco Umbrella Roaming Client for Windows could allow an authenticated, local attacker to install arbitrary, unapproved applications on a targeted device. The vulnerability is due to insufficient verification of the Windows Installer. An attacker could exploit this vulnerability by placing a file in a specific location in the Windows file system. A successful exploit could allow the attacker to bypass configured policy and install unapproved applications."
CVE-2019-1649,Enterprise,Cisco,Cisco Routers,CWE-284,CWE-284,"A vulnerability in the logic that handles access control to one of the hardware components in Cisco's proprietary Secure Boot implementation could allow an authenticated, local attacker to write a modified firmware image to the component. This vulnerability affects multiple Cisco products that support hardware-based Secure Boot functionality. The vulnerability is due to an improper check on the area of code that manages on-premise updates to a Field Programmable Gate Array (FPGA) part of the Secure Boot hardware implementation. An attacker with elevated privileges and access to the underlying operating system that is running on the affected device could exploit this vulnerability by writing a modified firmware image to the FPGA. A successful exploit could either cause the device to become unusable (and require a hardware replacement) or allow tampering with the Secure Boot verification process, which under some circumstances may allow the attacker to install and boot a malicious software image. An attacker will need to fulfill all the following conditions to attempt to exploit this vulnerability: Have privileged administrative access to the device. Be able to access the underlying operating system running on the device; this can be achieved either by using a supported, documented mechanism or by exploiting another vulnerability that would provide an attacker with such access. Develop or have access to a platform-specific exploit. An attacker attempting to exploit this vulnerability across multiple affected platforms would need to research each one of those platforms and then develop a platform-specific exploit. Although the research process could be reused across different platforms, an exploit developed for a given hardware platform is unlikely to work on a different hardware platform."
CVE-2019-1736,Enterprise,Cisco,Cisco Identity Services Engine Software,CWE-347,CWE-347,"A vulnerability in the firmware of the Cisco UCS C-Series Rack Servers could allow an authenticated, physical attacker to bypass Unified Extensible Firmware Interface (UEFI) Secure Boot validation checks and load a compromised software image on an affected device. The vulnerability is due to improper validation of the server firmware upgrade images. An attacker could exploit this vulnerability by installing a server firmware version that would allow the attacker to disable UEFI Secure Boot. A successful exploit could allow the attacker to bypass the signature validation checks that are done by UEFI Secure Boot technology and load a compromised software image on the affected device. A compromised software image is any software image that has not been digitally signed by Cisco."
CVE-2019-1762,Enterprise,Cisco,Cisco IOS and IOS XE Software,CWE-200,CWE-200,"A vulnerability in the Secure Storage feature of Cisco IOS and IOS XE Software could allow an authenticated, local attacker to access sensitive system information on an affected device. The vulnerability is due to improper memory operations performed at encryption time, when affected software handles configuration updates. An attacker could exploit this vulnerability by retrieving the contents of specific memory locations of an affected device. A successful exploit could result in the disclosure of keying materials that are part of the device configuration, which can be used to recover critical system information."
CVE-2019-1861,Enterprise,Cisco,Cisco Industrial Network Director,CWE-20,CWE-20,"A vulnerability in the software update feature of Cisco Industrial Network Director could allow an authenticated, remote attacker to execute arbitrary code. The vulnerability is due to improper validation of files uploaded to the affected application. An attacker could exploit this vulnerability by authenticating to the affected system using administrator privileges and uploading an arbitrary file. A successful exploit could allow the attacker to execute arbitrary code with elevated privileges."
CVE-2019-1880,Enterprise,Cisco,Cisco Unified Computing System (Managed),CWE-345,CWE-345,"A vulnerability in the BIOS upgrade utility of Cisco Unified Computing System (UCS) C-Series Rack Servers could allow an authenticated, local attacker to install compromised BIOS firmware on an affected device. The vulnerability is due to insufficient validation of the firmware image file. An attacker could exploit this vulnerability by executing the BIOS upgrade utility with a specific set of options. A successful exploit could allow the attacker to bypass the firmware signature-verification process and install compromised BIOS firmware on an affected device."
CVE-2019-19587,Enterprise,n/a,n/a,,,"In WSO2 Enterprise Integrator 6.5.0, reflected XSS occurs when updating the message processor configuration from the source view in the Management Console."
CVE-2019-3749,Enterprise,Dell,Dell Command Update (DCU),CWE-427,CWE-427: Uncontrolled Search Path Element,"Dell Command Update versions prior to 3.1 contain an Arbitrary File Deletion Vulnerability. A local authenticated malicious user with low privileges potentially could exploit this vulnerability to delete arbitrary files by creating a symlink from the ""Temp\ICProgress\Dell_InventoryCollector_Progress.xml"" to any targeted file. This issue occurs because permissions on the Temp directory were set incorrectly."
CVE-2019-3891,Enterprise,Red Hat,candlepin,CWE-532,CWE-532,"It was discovered that a world-readable log file belonging to Candlepin component of Red Hat Satellite 6.4 leaked the credentials of the Candlepin database. A malicious user with local access to a Satellite host can use those credentials to modify the database and prevent Satellite from fetching package updates, thus preventing all Satellite hosts from accessing those updates."
CVE-2019-3976,Enterprise,n/a,MikroTik RouterOS,CWE-23,CWE-23 Relative path traversal.,"RouterOS 6.45.6 Stable, RouterOS 6.44.5 Long-term, and below are vulnerable to an arbitrary directory creation vulnerability via the upgrade package's name field. If an authenticated user installs a malicious package then a directory could be created and the developer shell could be enabled."
CVE-2019-4640,Enterprise,IBM,Security Secret Server,,,"IBM Security Secret Server 10.7 processes patches, image backups and other updates without sufficiently verifying the origin and integrity of the code which could result in an attacker executing malicious code. IBM X-Force ID: 170046."
CVE-2020-0638,Enterprise,Microsoft,Windows,CWE-59,CWE-59 Improper Link Resolution Before File Access ('Link Following'),"An elevation of privilege vulnerability exists in the way the Update Notification Manager handles files.To exploit this vulnerability, an attacker would first have to gain execution on the victim system, aka 'Update Notification Manager Elevation of Privilege Vulnerability'."
CVE-2020-0899,Enterprise,Microsoft,Microsoft Visual Studio 2019 version 16.5,,,"An elevation of privilege vulnerability exists when Microsoft Visual Studio updater service improperly handles file permissions, aka 'Microsoft Visual Studio Elevation of Privilege Vulnerability'."
CVE-2020-12852,Enterprise,n/a,n/a,,,"The update feature for Pydio Cells 2.0.4 allows an administrator user to set a custom update URL and the public RSA key used to validate the downloaded update package. The update process involves downloading the updated binary file from a URL indicated in the update server response, validating its checksum and signature with the provided public key and finally replacing the current application binary. To complete the update process, the application’s service or appliance needs to be restarted. An attacker with administrator access can leverage the software update feature to force the application to download a custom binary that will replace current Pydio Cells binary. When the server or service is eventually restarted the attacker will be able to execute code under the privileges of the user running the application. In the Pydio Cells enterprise appliance this is with the privileges of the user named “pydio”."
CVE-2020-15297,Enterprise,Bitdefender,Bitdefender Update Server,CWE-918,CWE-918 Server-Side Request Forgery (SSRF),Insufficient validation in the Bitdefender Update Server and BEST Relay components of Bitdefender Endpoint Security Tools versions prior to 6.6.20.294 allows an unprivileged attacker to bypass the in-place mitigations and interact with hosts on the network. This issue affects: Bitdefender Update Server versions prior to 6.6.20.294.
CVE-2020-24591,Enterprise,n/a,n/a,,,"The Management Console in certain WSO2 products allows XXE attacks during EventReceiver updates. This affects API Manager through 3.0.0, API Manager Analytics 2.2.0 and 2.5.0, API Microgateway 2.2.0, Enterprise Integrator 6.2.0 and 6.3.0, and Identity Server Analytics through 5.6.0."
CVE-2020-26122,Enterprise,n/a,n/a,,,"Inspur NF5266M5 through 3.21.2 and other server M5 devices allow remote code execution via administrator privileges. The Baseboard Management Controller (BMC) program of INSPUR server is weak in checking the firmware and lacks the signature verification mechanism, the attacker who obtains the administrator's rights can control the BMC by inserting malicious code into the firmware program and bypassing the current verification mechanism to upgrade the BMC."
CVE-2020-27488,Enterprise,n/a,n/a,,,"Loxone Miniserver devices with firmware before 11.1 (aka 11.1.9.3) are unable to use an authentication method that is based on the ""signature of the update package."" Therefore, these devices (or attackers who are spoofing these devices) can continue to use an unauthenticated cloud service for an indeterminate time period (possibly forever). Once an individual device's firmware is updated, and authentication occurs once, the cloud service recategorizes the device so that authentication is subsequently always required, and spoofing cannot occur."
CVE-2020-27692,Enterprise,n/a,n/a,,,"The Relish (Verve Connect) VH510 device with firmware before 1.0.1.6L0516 contains multiple CSRF vulnerabilities within its web management portal. Attackers can, for example, use this to update the TR-069 configuration server settings (responsible for managing devices remotely). This makes it possible to remotely reboot the device or upload malicious firmware."
CVE-2020-3138,Enterprise,Cisco,NA,CWE-347,CWE-347,"A vulnerability in the upgrade component of Cisco Enterprise NFV Infrastructure Software (NFVIS) could allow an authenticated, local attacker to install a malicious file when upgrading. The vulnerability is due to insufficient signature validation. An attacker could exploit this vulnerability by providing a crafted upgrade file. A successful exploit could allow the attacker to upload crafted code to the affected device."
CVE-2020-3336,Enterprise,Cisco,Cisco TelePresence CE Software,CWE-78,CWE-78,"A vulnerability in the software upgrade process of Cisco TelePresence Collaboration Endpoint Software and Cisco RoomOS Software could allow an authenticated, remote attacker to modify the filesystem to cause a denial of service (DoS) or gain privileged access to the root filesystem. The vulnerability is due to insufficient input validation. An attacker with administrative privileges could exploit this vulnerability by sending requests with malformed parameters to the system using the console, Secure Shell (SSH), or web API. A successful exploit could allow the attacker to modify the device configuration or cause a DoS."
CVE-2020-3342,Enterprise,Cisco,Cisco WebEx Meetings Server,CWE-295,CWE-295,"A vulnerability in the software update feature of Cisco Webex Meetings Desktop App for Mac could allow an unauthenticated, remote attacker to execute arbitrary code on an affected system. The vulnerability is due to improper validation of cryptographic protections on files that are downloaded by the application as part of a software update. An attacker could exploit this vulnerability by persuading a user to go to a website that returns files to the client that are similar to files that are returned from a valid Webex website. The client may fail to properly validate the cryptographic protections of the provided files before executing them as part of an update. A successful exploit could allow the attacker to execute arbitrary code on the affected system with the privileges of the user."
CVE-2020-35801,Enterprise,n/a,n/a,,,"Certain NETGEAR devices are affected by incorrect configuration of security settings. This affects JGS516PE before 2.6.0.48, JGS524Ev2 before 2.6.0.48, JGS524PE before 2.6.0.48, and GS116Ev2 before 2.6.0.48. A TFTP server was found to be active by default. It allows remote authenticated users to update the switch firmware."
CVE-2020-4381,Enterprise,IBM,Elastic Storage Server,,,IBM Spectrum Scale for IBM Elastic Storage Server 5.3.0 through 5.3.6 could allow an authenticated user to cause a denial of service during deployment or upgrade if GUI specific services are enabled. IBM X-Force ID: 179162.
CVE-2020-4382,Enterprise,IBM,Elastic Storage Server,,,IBM Spectrum Scale for IBM Elastic Storage Server 5.3.0 through 5.3.5 could allow an authenticated user to cause a denial of service during deployment or upgrade pertaining to xcat services. IBM X-Force ID: 179163.
CVE-2020-6297,Enterprise,SAP SE,SAP Data Intelligence,,,"Under certain conditions the upgrade of SAP Data Hub 2.7 to SAP Data Intelligence, version - 3.0, allows an attacker to access confidential system configuration information, that should otherwise be restricted, leading to Information Disclosure."
CVE-2020-8144,Enterprise,n/a,UniFi Video Controller (for Windows 7/8/10 x64),CWE-22,Path Traversal (CWE-22),"The UniFi Video Server v3.9.3 and prior (for Windows 7/8/10 x64) web interface Firmware Update functionality, under certain circumstances, does not validate firmware download destinations to ensure they are within the intended destination directory tree. It accepts a request with a URL to firmware update information. If the version field contains ..\ character sequences, the destination file path to save the firmware can be manipulated to be outside the intended destination directory tree. Fixed in UniFi Video Controller v3.10.3 and newer."
CVE-2021-0263,Enterprise,Juniper Networks,Junos OS,CWE-19,CWE-19 Data Processing Errors,"A Data Processing vulnerability in the Multi-Service process (multi-svcs) on the FPC of Juniper Networks Junos OS on the PTX Series routers may lead to the process becoming unresponsive, ultimately affecting traffic forwarding, allowing an attacker to cause a Denial of Service (DoS) condition . The Multi-Service Process running on the FPC is responsible for handling sampling-related operations when a J-Flow configuration is activated. This can occur during periods of heavy route churn, causing the Multi-Service Process to stop processing updates, without consuming any further updates from kernel. This back pressure towards the kernel affects further dynamic updates from other processes in the system, including RPD, causing a KRT-STUCK condition and traffic forwarding issues. An administrator can monitor the following command to check if there is the KRT queue is stuck: user@device > show krt state ... Number of async queue entries: 65007 <--- this value keep on increasing. The following logs/alarms will be observed when this condition exists: user@junos> show chassis alarms 2 alarms currently active Alarm time Class Description 2020-10-11 04:33:45 PDT Minor Potential slow peers are: MSP(FPC1-PIC0) MSP(FPC3-PIC0) MSP(FPC4-PIC0) Logs: Oct 11 04:33:44.672 2020 test /kernel: rts_peer_cp_recv_timeout : Bit set for msp8 as it is stuck Oct 11 04:35:56.000 2020 test-lab fpc4 user.err gldfpc-multi-svcs.elf: Error in parsing composite nexthop Oct 11 04:35:56.000 2020 test-lab fpc4 user.err gldfpc-multi-svcs.elf: composite nexthop parsing error Oct 11 04:43:05 2020 test /kernel: rt_pfe_veto: Possible slowest client is msp38. States processed - 65865741. States to be processed - 0 Oct 11 04:55:55 2020 test /kernel: rt_pfe_veto: Memory usage of M_RTNEXTHOP type = (0) Max size possible for M_RTNEXTHOP type = (8311787520) Current delayed unref = (60000), Current unique delayed unref = (10896), Max delayed unref on this platform = (40000) Current delayed weight unref = (71426) Max delayed weight unref on this platform= (400000) curproc = rpd Oct 11 04:56:00 2020 test /kernel: rt_pfe_veto: Too many delayed route/nexthop unrefs. Op 2 err 55, rtsm_id 5:-1, msg type 2 This issue only affects PTX Series devices. No other products or platforms are affected by this vulnerability. This issue affects Juniper Networks Junos OS on PTX Series: 18.2 versions prior to 18.2R3-S7; 18.3 versions prior to 18.3R3-S4; 18.4 versions prior to 18.4R2-S8, 18.4R3-S7; 19.1 versions prior to 19.1R3-S4; 19.2 versions prior to 19.2R3-S1; 19.3 versions prior to 19.3R3-S1; 19.4 versions prior to 19.4R2-S4, 19.4R3-S1; 20.1 versions prior to 20.1R2; 20.2 versions prior to 20.2R2; 20.3 versions prior to 20.3R1-S2, 20.3R2. This issue does not affect Juniper Networks Junos OS versions prior to 18.2R1."
CVE-2021-1426,Enterprise,Cisco,Cisco AnyConnect Secure Mobility Client,CWE-378,CWE-378,"Multiple vulnerabilities in the install, uninstall, and upgrade processes of Cisco AnyConnect Secure Mobility Client for Windows could allow an authenticated, local attacker to hijack DLL or executable files that are used by the application. A successful exploit could allow the attacker to execute arbitrary code on an affected device with SYSTEM privileges. To exploit these vulnerabilities, the attacker must have valid credentials on the Windows system. For more information about these vulnerabilities, see the Details section of this advisory."
CVE-2021-1427,Enterprise,Cisco,Cisco AnyConnect Secure Mobility Client,CWE-378,CWE-378,"Multiple vulnerabilities in the install, uninstall, and upgrade processes of Cisco AnyConnect Secure Mobility Client for Windows could allow an authenticated, local attacker to hijack DLL or executable files that are used by the application. A successful exploit could allow the attacker to execute arbitrary code on an affected device with SYSTEM privileges. To exploit these vulnerabilities, the attacker must have valid credentials on the Windows system. For more information about these vulnerabilities, see the Details section of this advisory."
CVE-2021-1428,Enterprise,Cisco,Cisco AnyConnect Secure Mobility Client,CWE-378,CWE-378,"Multiple vulnerabilities in the install, uninstall, and upgrade processes of Cisco AnyConnect Secure Mobility Client for Windows could allow an authenticated, local attacker to hijack DLL or executable files that are used by the application. A successful exploit could allow the attacker to execute arbitrary code on an affected device with SYSTEM privileges. To exploit these vulnerabilities, the attacker must have valid credentials on the Windows system. For more information about these vulnerabilities, see the Details section of this advisory."
CVE-2021-1429,Enterprise,Cisco,Cisco AnyConnect Secure Mobility Client,CWE-378,CWE-378,"Multiple vulnerabilities in the install, uninstall, and upgrade processes of Cisco AnyConnect Secure Mobility Client for Windows could allow an authenticated, local attacker to hijack DLL or executable files that are used by the application. A successful exploit could allow the attacker to execute arbitrary code on an affected device with SYSTEM privileges. To exploit these vulnerabilities, the attacker must have valid credentials on the Windows system. For more information about these vulnerabilities, see the Details section of this advisory."
CVE-2021-1430,Enterprise,Cisco,Cisco AnyConnect Secure Mobility Client,CWE-378,CWE-378,"Multiple vulnerabilities in the install, uninstall, and upgrade processes of Cisco AnyConnect Secure Mobility Client for Windows could allow an authenticated, local attacker to hijack DLL or executable files that are used by the application. A successful exploit could allow the attacker to execute arbitrary code on an affected device with SYSTEM privileges. To exploit these vulnerabilities, the attacker must have valid credentials on the Windows system. For more information about these vulnerabilities, see the Details section of this advisory."
CVE-2021-1437,Enterprise,Cisco,Cisco Aironet Access Point Software,CWE-275,CWE-275,"A vulnerability in the FlexConnect Upgrade feature of Cisco Aironet Series Access Points Software could allow an unauthenticated, remote attacker to obtain confidential information from an affected device. This vulnerability is due to an unrestricted Trivial File Transfer Protocol (TFTP) configuration. An attacker could exploit this vulnerability by sending a specific TFTP request to an affected device. A successful exploit could allow the attacker to download any file from the filesystem of the affected access point (AP)."
CVE-2021-1488,Enterprise,Cisco,Cisco Adaptive Security Appliance (ASA) Software,CWE-77,CWE-77,"A vulnerability in the upgrade process of Cisco Adaptive Security Appliance (ASA) Software and Cisco Firepower Threat Defense (FTD) Software could allow an authenticated, local attacker to inject commands that could be executed with root privileges on the underlying operating system (OS). This vulnerability is due to insufficient input validation. An attacker could exploit this vulnerability by uploading a crafted upgrade package file to an affected device. A successful exploit could allow the attacker to inject commands that could be executed with root privileges on the underlying OS."
CVE-2021-1496,Enterprise,Cisco,Cisco AnyConnect Secure Mobility Client,CWE-378,CWE-378,"Multiple vulnerabilities in the install, uninstall, and upgrade processes of Cisco AnyConnect Secure Mobility Client for Windows could allow an authenticated, local attacker to hijack DLL or executable files that are used by the application. A successful exploit could allow the attacker to execute arbitrary code on an affected device with SYSTEM privileges. To exploit these vulnerabilities, the attacker must have valid credentials on the Windows system. For more information about these vulnerabilities, see the Details section of this advisory."
CVE-2021-21466,Enterprise,SAP SE,SAP Business Warehouse,,,"SAP Business Warehouse, versions 700, 701, 702, 711, 730, 731, 740, 750, 782 and SAP BW/4HANA, versions 100, 200, allow a low privileged attacker to inject code using a remote enabled function module over the network. Via the function module an attacker can create a malicious ABAP report which could be used to get access to sensitive data, to inject malicious UPDATE statements that could have also impact on the operating system, to disrupt the functionality of the SAP system which can thereby lead to a Denial of Service."
CVE-2021-21529,Enterprise,Dell,DellEMC System Update - DSU,CWE-400,CWE-400: Uncontrolled Resource Consumption,Dell System Update (DSU) 1.9 and earlier versions contain a denial of service vulnerability. A local authenticated malicious user with low privileges may potentially exploit this vulnerability to cause the system to run out of memory by running multiple instances of the vulnerable application.
CVE-2021-21547,Enterprise,Dell,Unity,,,"Dell EMC Unity, UnityVSA, and Unity XT versions prior to 5.0.7.0.5.008 contain a plain-text password storage vulnerability when the Dell Upgrade Readiness Utility is run on the system. The credentials of the Unisphere Administrator are stored in plain text. A local malicious user with high privileges may use the exposed password to gain access with the privileges of the compromised user."
CVE-2021-29504,Enterprise,wp-cli,wp-cli,CWE-295,CWE-295,"WP-CLI is the command-line interface for WordPress. An improper error handling in HTTPS requests management in WP-CLI version 0.12.0 and later allows remote attackers able to intercept the communication to remotely disable the certificate verification on WP-CLI side, gaining full control over the communication content, including the ability to impersonate update servers and push malicious updates towards WordPress instances controlled by the vulnerable WP-CLI agent, or push malicious updates toward WP-CLI itself. The vulnerability stems from the fact that the default behavior of `WP_CLI\Utils\http_request()` when encountering a TLS handshake error is to disable certificate validation and retry the same request. The default behavior has been changed with version 2.5.0 of WP-CLI and the `wp-cli/wp-cli` framework (via https://github.com/wp-cli/wp-cli/pull/5523) so that the `WP_CLI\Utils\http_request()` method accepts an `$insecure` option that is `false` by default and consequently that a TLS handshake failure is a hard error by default. This new default is a breaking change and ripples through to all consumers of `WP_CLI\Utils\http_request()`, including those in separate WP-CLI bundled or third-party packages. https://github.com/wp-cli/wp-cli/pull/5523 has also added an `--insecure` flag to the `cli update` command to counter this breaking change. There is no direct workaround for the default insecure behavior of `wp-cli/wp-cli` versions before 2.5.0. The workaround for dealing with the breaking change in the commands directly affected by the new secure default behavior is to add the `--insecure` flag to manually opt-in to the previous insecure behavior."
CVE-2021-3059,Enterprise,Palo Alto Networks,PAN-OS,CWE-78,CWE-78,An OS command injection vulnerability in the Palo Alto Networks PAN-OS management interface exists when performing dynamic updates. This vulnerability enables a man-in-the-middle attacker to execute arbitrary OS commands to escalate privileges. This issue impacts: PAN-OS 8.1 versions earlier than PAN-OS 8.1.20-h1; PAN-OS 9.0 versions earlier than PAN-OS 9.0.14-h3; PAN-OS 9.1 versions earlier than PAN-OS 9.1.11-h2; PAN-OS 10.0 versions earlier than PAN-OS 10.0.8; PAN-OS 10.1 versions earlier than PAN-OS 10.1.3. Prisma Access customers that have Prisma Access 2.1 Preferred or Prisma Access 2.1 Innovation firewalls are impacted by this issue.
CVE-2021-32514,Enterprise,QSAN,Storage Manager,CWE-284,CWE-284,Improper access control vulnerability in FirmwareUpgrade in QSAN Storage Manager allows remote attackers to reboot and discontinue the device. The referred vulnerability has been solved with the updated version of QSAN Storage Manager v3.3.3.
CVE-2021-36277,Enterprise,Dell,Alienware Command Center (AWCC),CWE-347,CWE-347,"Dell Command | Update, Dell Update, and Alienware Update versions before 4.3 contains an Improper Verification of Cryptographic Signature Vulnerability. A local authenticated malicious user may exploit this vulnerability by executing arbitrary code on the system."
CVE-2021-3823,Enterprise,Bitdefender,GravityZone Update Server,CWE-22,Path Traversal (CWE-22),Improper Limitation of a Pathname to a Restricted Directory ('Path Traversal') vulnerability in the UpdateServer component of Bitdefender GravityZone allows an attacker to execute arbitrary code on vulnerable instances. This issue affects: Bitdefender GravityZone versions prior to 3.3.8.249.
CVE-2021-3960,Enterprise,Bitdefender,GravityZone,CWE-22,Path Traversal (CWE-22),Improper Limitation of a Pathname to a Restricted Directory ('Path Traversal') vulnerability in the UpdateServer component of Bitdefender GravityZone allows an attacker to execute arbitrary code on vulnerable instances. This issue affects Bitdefender GravityZone versions prior to 3.3.8.272
CVE-2021-40045,Enterprise,Huawei,EMUI,,,There is a vulnerability of signature verification mechanism failure in system upgrade through recovery mode.Successful exploitation of this vulnerability may affect service confidentiality.
CVE-2021-41848,Enterprise,n/a,n/a,,,"An issue was discovered in Luna Simo PPR1.180610.011/202001031830. It mishandles software updates such that local third-party apps can provide a spoofed software update file that contains an arbitrary shell script and arbitrary ARM binary, where both will be executed as the root user with an SELinux domain named osi. To exploit this vulnerability, a local third-party app needs to have write access to external storage to write the spoofed update at the expected path. The vulnerable system binary (i.e., /system/bin/osi_bin) does not perform any authentication of the update file beyond ensuring that it is encrypted with an AES key (that is hard-coded in the vulnerable system binary). Processes executing with the osi SELinux domain can programmatically perform the following actions: install apps, grant runtime permissions to apps (including permissions with protection levels of dangerous and development), access extensive Personally Identifiable Information (PII) using the programmatically grant permissions, uninstall apps, set the default launcher app to a malicious launcher app that spoofs other apps, set a network proxy to intercept network traffic, unload kernel modules, set the default keyboard to a keyboard that has keylogging functionality, examine notification contents, send text messages, and more. The spoofed update can optionally contain an arbitrary ARM binary that will be locally stored in internal storage and executed at system startup to achieve persistent code execution as the root user with the osi SELinux domain. This ARM binary will continue to execute at startup even if the app that provided the spoofed update is uninstalled."
CVE-2021-45389,Enterprise,n/a,n/a,,,"A flaw was found with the JWT token. A self-signed JWT token could be injected into the update manager and bypass the authentication process, thus could escalate privileges. This affects StarWind SAN and NAS build 1578 and StarWind Command Center build 6864."
CVE-2021-46813,Enterprise,Huawei,EMUI,,,Vulnerability of residual files not being deleted after an update in the ChinaDRM module. Successful exploitation of this vulnerability may affect availability.
CVE-2022-0910,Enterprise,Zyxel,USG/ZyWALL series firmware,CWE-287,CWE-287,"A downgrade from two-factor authentication to one-factor authentication vulnerability in the CGI program of Zyxel USG/ZyWALL series firmware versions 4.32 through 4.71, USG FLEX series firmware versions 4.50 through 5.21, ATP series firmware versions 4.32 through 5.21, and VPN series firmware versions 4.32 through 5.21, that could allow an authenticated attacker to bypass the second authentication phase to connect the IPsec VPN server even though the two-factor authentication (2FA) was enabled."
CVE-2022-1697,Enterprise,Okta,Okta Active Directory Agent,,,"Okta Active Directory Agent versions 3.8.0 through 3.11.0 installed the Okta AD Agent Update Service using an unquoted path. Note: To remediate this vulnerability, you must uninstall Okta Active Directory Agent and reinstall Okta Active Directory Agent 3.12.0 or greater per the documentation."
CVE-2022-20730,Enterprise,Cisco,Cisco Firepower Threat Defense Software,CWE-241,CWE-241,"A vulnerability in the Security Intelligence feed feature of Cisco Firepower Threat Defense (FTD) Software could allow an unauthenticated, remote attacker to bypass the Security Intelligence DNS feed. This vulnerability is due to incorrect feed update processing. An attacker could exploit this vulnerability by sending traffic through an affected device that should be blocked by the affected device. A successful exploit could allow the attacker to bypass device controls and successfully send traffic to devices that are expected to be protected by the affected device."
CVE-2022-20789,Enterprise,Cisco,Cisco Unified Communications Manager,CWE-73,CWE-73,"A vulnerability in the software upgrade process of Cisco Unified Communications Manager (Unified CM) and Cisco Unified Communications Manager Session Management Edition (Unified CM SME) could allow an authenticated, remote attacker to write arbitrary files on the affected system. This vulnerability is due to improper restrictions applied to a system script. An attacker could exploit this vulnerability by using crafted variables during the execution of a system upgrade. A successful exploit could allow the attacker to overwrite or append arbitrary data to system files using root-level privileges."
CVE-2022-20929,Enterprise,Cisco,Cisco Enterprise NFV Infrastructure Software,CWE-347,CWE-347,"A vulnerability in the upgrade signature verification of Cisco Enterprise NFV Infrastructure Software (NFVIS) could allow an unauthenticated, local attacker to provide an unauthentic upgrade file for upload.
 This vulnerability is due to insufficient cryptographic signature verification of upgrade files. An attacker could exploit this vulnerability by providing an administrator with an unauthentic upgrade file. A successful exploit could allow the attacker to fully compromise the Cisco NFVIS system."
CVE-2022-22374,Enterprise,IBM,Power 9 AC922,,,"The BMC (IBM Power 9 AC922 OP910, OP920, OP930, and OP940) may be subject to a firmware downgrade attack which may affect its ability to operate its host. IBM X-Force ID: 221442."
CVE-2022-22554,Enterprise,Dell,DellEMC System Update - DSU,CWE-256,CWE-256: Unprotected Storage of Credentials,"Dell EMC System Update, version 1.9.2 and prior, contain an Unprotected Storage of Credentials vulnerability. A local attacker with user privleges could potentially exploit this vulnerability leading to the disclosure of user passwords."
CVE-2022-23703,Enterprise,n/a,HPE Nimble Storage Hybrid Flash Arrays; Nimble Storage All Flash Arrays; Nimble Storage Secondary Flash Arrays,,,"A security vulnerability has been identified in HPE Nimble Storage Hybrid Flash Arrays, HPE Nimble Storage All Flash Arrays and HPE Nimble Storage Secondary Flash Arrays during update. This would potentially allow an attacker to intercept and modify network communication for software updates initiated by the Nimble appliance. The following NimbleOS versions, and all subsequent releases, contain a software fix for this vulnerability: 5.0.10.100, 5.2.1.500, 6.0.0.100"
CVE-2022-24140,Enterprise,n/a,n/a,,,"IOBit Advanced System Care 15, iTop Screen Recorder 2.1, iTop VPN 3.2, Driver Booster 9, and iTop Screenshot sends HTTP requests in their update procedure in order to download a config file. After downloading the config file, the products will parse the HTTP location of the update from the file and will try to install the update automatically with ADMIN privileges. An attacker Intercepting this communication can supply the product a fake config file with malicious locations for the updates thus gaining a remote code execution on an endpoint."
CVE-2022-2503,Enterprise,Linux Kernel,Linux Kernel,CWE-302,CWE-302 Authentication Bypass by Assumed-Immutable Data,"Dm-verity is used for extending root-of-trust to root filesystems. LoadPin builds on this property to restrict module/firmware loads to just the trusted root filesystem. Device-mapper table reloads currently allow users with root privileges to switch out the target with an equivalent dm-linear target and bypass verification till reboot. This allows root to bypass LoadPin and can be used to load untrusted and unverified kernel modules and firmware, which implies arbitrary kernel execution and persistence for peripherals that do not verify firmware updates. We recommend upgrading past commit 4caae58406f8ceb741603eee460d79bacca9b1b5"
CVE-2022-30316,Enterprise,n/a,n/a,,,"Honeywell Experion PKS Safety Manager 5.02 has Insufficient Verification of Data Authenticity. According to FSCT-2022-0054, there is a Honeywell Experion PKS Safety Manager unauthenticated firmware update issue. The affected components are characterized as: Firmware update functionality. The potential impact is: Firmware manipulation. The Honeywell Experion PKS Safety Manager utilizes the DCOM-232/485 communication FTA serial interface and Enea POLO bootloader for firmware management purposes. An engineering workstation running the Safety Builder software communicates via serial or serial-over-ethernet link with the DCOM-232/485 interface. Firmware images were found to have no authentication (in the form of firmware signing) and only relied on insecure checksums for regular integrity checks. Firmware images are unsigned. An attacker with access to the serial interface (either through physical access, a compromised EWS or an exposed serial-to-ethernet gateway) can utilize hardcoded credentials (see FSCT-2022-0052) for the POLO bootloader to control the boot process and push malicious firmware images to the controller allowing for firmware manipulation, remote code execution and denial of service impacts. A mitigating factor is that in order for a firmware update to be initiated, the Safety Manager has to be rebooted which is typically done by means of physical controls on the Safety Manager itself. As such, an attacker would have to either lay dormant until a legitimate reboot occurs or possibly attempt to force a reboot through a secondary vulnerability."
CVE-2022-31215,Enterprise,n/a,n/a,,,"In certain Goverlan products, the Windows Firewall is temporarily turned off upon a Goverlan agent update operation. This allows remote attackers to bypass firewall blocking rules for a time period of up to 30 seconds. This affects Goverlan Reach Console before 10.5.1, Reach Server before 3.70.1, and Reach Client Agents before 10.1.11."
CVE-2022-34382,Enterprise,Dell,Dell Command Update (DCU),,,"Dell Command Update, Dell Update and Alienware Update versions prior to 4.6.0 contains a Local Privilege Escalation Vulnerability in the custom catalog configuration. A local malicious user may potentially exploit this vulnerability in order to elevate their privileges."
CVE-2022-34404,Enterprise,Dell,System Update,CWE-295,CWE-295,"
Dell System Update, version 2.0.0 and earlier, contains an Improper Certificate Validation in data parser module. A local attacker with high privileges could potentially exploit this vulnerability, leading to credential theft and/or denial of service.





"
CVE-2022-34435,Enterprise,Dell,Integrated Dell Remote Access Controller 9,CWE-20,CWE-20,"
Dell iDRAC9 version 6.00.02.00 and prior contain an improper input validation vulnerability in Racadm when the firmware lock-down configuration is set. A remote high privileged attacker could exploit this vulnerability to bypass the firmware lock-down configuration and perform a firmware update.





"
CVE-2022-34436,Enterprise,Dell,Integrated Dell Remote Access Controller 8,CWE-20,CWE-20,"
Dell iDRAC8 version 2.83.83.83 and prior contain an improper input validation vulnerability in Racadm when the firmware lock-down configuration is set. A remote high privileged attacker could exploit this vulnerability to bypass the firmware lock-down configuration and perform a firmware update.





"
CVE-2022-34458,Enterprise,Dell,Dell Command Update (DCU),CWE-497,CWE-497: Exposure of Sensitive System Information to an Unauthorized Control Sphere,"
Dell Command | Update, Dell Update, and Alienware Update versions prior to 4.7 contain a Exposure of Sensitive System Information to an Unauthorized Control Sphere vulnerability in download operation component. A local malicious user could potentially exploit this vulnerability leading to the disclosure of confidential data.





"
CVE-2022-35946,Enterprise,glpi-project,glpi,CWE-89,CWE-89: Improper Neutralization of Special Elements used in an SQL Command ('SQL Injection'),"GLPI stands for Gestionnaire Libre de Parc Informatique and is a Free Asset and IT Management Software package, that provides ITIL Service Desk features, licenses tracking and software auditing. In affected versions request input is not properly validated in the plugin controller and can be used to access low-level API of Plugin class. An attacker can, for instance, alter database data. Attacker must have ""General setup"" update rights to be able to perform this attack. Users are advised to upgrade to version 10.0.3. Users unable to upgrade should remove the `front/plugin.form.php` script."
CVE-2022-37008,Enterprise,Huawei,HarmonyOS,,,The recovery module has a vulnerability of bypassing the verification of an update package before use. Successful exploitation of this vulnerability may affect system stability.
CVE-2022-41115,Enterprise,Microsoft,Microsoft Edge (Chromium-based) Updater,,,Microsoft Edge (Chromium-based) Update Elevation of Privilege Vulnerability
CVE-2022-44563,Enterprise,Huawei,HarmonyOS,CWE-362,CWE-362,There is a race condition vulnerability in SD upgrade mode. Successful exploitation of this vulnerability may affect data confidentiality.
CVE-2022-48359,Enterprise,Huawei,HarmonyOS,CWE-915,CWE-915 Improperly Controlled Modification of Dynamically-Determined Object Attributes,The recovery mode for updates has a vulnerability that causes arbitrary disk modification. Successful exploitation of this vulnerability may affect confidentiality.
CVE-2023-20082,Enterprise,Cisco,Cisco IOS XE ROMMON Software ,CWE-78,CWE-78,"A vulnerability in Cisco IOS XE Software for Cisco Catalyst 9300 Series Switches could allow an authenticated, local attacker with level-15 privileges or an unauthenticated attacker with physical access to the device to execute persistent code at boot time and break the chain of trust. This vulnerability is due to errors that occur when retrieving the public release key that is used for image signature verification. An attacker could exploit this vulnerability by modifying specific variables in the Serial Peripheral Interface (SPI) flash memory of an affected device. A successful exploit could allow the attacker to execute persistent code on the underlying operating system. Note: In Cisco IOS XE Software releases 16.11.1 and later, the complexity of an attack using this vulnerability is high. However, an attacker with level-15 privileges could easily downgrade the Cisco IOS XE Software on a device to a release that would lower the attack complexity."
CVE-2023-20178,Enterprise,Cisco,Cisco Secure Client,CWE-276,Incorrect Default Permissions,"A vulnerability in the client update process of Cisco AnyConnect Secure Mobility Client Software for Windows and Cisco Secure Client Software for Windows could allow a low-privileged, authenticated, local attacker to elevate privileges to those of SYSTEM. The client update process is executed after a successful VPN connection is established.
 This vulnerability exists because improper permissions are assigned to a temporary directory that is created during the update process. An attacker could exploit this vulnerability by abusing a specific function of the Windows installer process. A successful exploit could allow the attacker to execute code with SYSTEM privileges."
CVE-2023-22315,Enterprise,Snap One,Wattbox WB-300-IP-3,CWE-345,CWE-345,"
Snap One Wattbox WB-300-IP-3 versions WB10.9a17 and prior use a proprietary local area network (LAN) protocol that does not verify updates to the device. An attacker could upload a malformed update file to the device and execute arbitrary code. 




"
CVE-2023-22736,Enterprise,argoproj,argo-cd,CWE-862,CWE-862: Missing Authorization,"Argo CD is a declarative, GitOps continuous delivery tool for Kubernetes. Versions starting with 2.5.0-rc1 and above, prior to 2.5.8, and version 2.6.0-rc4, are vulnerable to an authorization bypass bug which allows a malicious Argo CD user to deploy Applications outside the configured allowed namespaces. Reconciled Application namespaces are specified as a comma-delimited list of glob patterns. When sharding is enabled on the Application controller, it does not enforce that list of patterns when reconciling Applications. For example, if Application namespaces are configured to be argocd-*, the Application controller may reconcile an Application installed in a namespace called other, even though it does not start with argocd-. Reconciliation of the out-of-bounds Application is only triggered when the Application is updated, so the attacker must be able to cause an update operation on the Application resource. This bug only applies to users who have explicitly enabled the ""apps-in-any-namespace"" feature by setting `application.namespaces` in the argocd-cmd-params-cm ConfigMap or otherwise setting the `--application-namespaces` flags on the Application controller and API server components. The apps-in-any-namespace feature is in beta as of this Security Advisory's publish date. The bug is also limited to Argo CD instances where sharding is enabled by increasing the `replicas` count for the Application controller. Finally, the AppProjects' `sourceNamespaces` field acts as a secondary check against this exploit. To cause reconciliation of an Application in an out-of-bounds namespace, an AppProject must be available which permits Applications in the out-of-bounds namespace. A patch for this vulnerability has been released in versions 2.5.8 and 2.6.0-rc5. As a workaround, running only one replica of the Application controller will prevent exploitation of this bug. Making sure all AppProjects' sourceNamespaces are restricted within the confines of the configured Application namespaces will also prevent exploitation of this bug."
CVE-2023-22841,Enterprise,n/a,System Firmware Update Utility (SysFwUpdt) for some Intel(R) Server Boards and Intel(R) Server Systems Based on Intel(R) 621A Chipset,CWE-428,Unquoted search path,Unquoted search path in the software installer for the System Firmware Update Utility (SysFwUpdt) for some Intel(R) Server Boards and Intel(R) Server Systems Based on Intel(R) 621A Chipset before version 16.0.7 may allow an authenticated user to potentially enable escalation of privilege via local access.
CVE-2023-23772,Enterprise,Motorola,MBTS Site Controller,CWE-347,CWE-347,"Motorola MBTS Site Controller fails to check firmware update authenticity. The Motorola MBTS Site Controller lacks cryptographic signature validation for firmware update packages, allowing an authenticated attacker to gain arbitrary code execution, extract secret key material, and/or leave a persistent implant on the device."
CVE-2023-23773,Enterprise,Motorola,EBTS/MBTS Base Radio,CWE-347,CWE-347,"Motorola EBTS/MBTS Base Radio fails to check firmware authenticity. The Motorola MBTS Base Radio lacks cryptographic signature validation for firmware update packages, allowing an authenticated attacker to gain arbitrary code execution, extract secret key material, and/or leave a persistent implant on the device."
CVE-2023-27389,Enterprise,"Contec CO.,LTD.",CONPROSYS IoT Gateway products,CWE-326,CWE-326 Inadequate Encryption Strength,"Inadequate encryption strength vulnerability in CONPROSYS IoT Gateway products allows a remote authenticated attacker with an administrative privilege to apply a specially crafted Firmware update file, alter the information, cause a denial-of-service (DoS) condition, and/or execute arbitrary code. The affected products and versions are as follows: M2M Gateway with the firmware Ver.3.7.10 and earlier (CPS-MG341-ADSC1-111, CPS-MG341-ADSC1-931, CPS-MG341G-ADSC1-111, CPS-MG341G-ADSC1-930, and CPS-MG341G5-ADSC1-931), M2M Controller Integrated Type with firmware Ver.3.7.6 and earlier versions (CPS-MC341-ADSC1-111, CPS-MC341-ADSC1-931, CPS-MC341-ADSC2-111, CPS-MC341G-ADSC1-110, CPS-MC341Q-ADSC1-111, CPS-MC341-DS1-111, CPS-MC341-DS11-111, CPS-MC341-DS2-911, and CPS-MC341-A1-111), and M2M Controller Configurable Type with firmware Ver.3.8.8 and earlier versions (CPS-MCS341-DS1-111, CPS-MCS341-DS1-131, CPS-MCS341G-DS1-130, CPS-MCS341G5-DS1-130, and CPS-MCS341Q-DS1-131)."
CVE-2023-28070,Enterprise,Dell,Alienware Command Center (AWCC),CWE-284,CWE-284,"
Alienware Command Center Application, versions 5.5.43.0 and prior, contain an improper access control vulnerability. A local malicious user could potentially exploit this vulnerability during installation or update process leading to privilege escalation.

"
CVE-2023-30247,Enterprise,n/a,n/a,CWE-434,CWE-434 Unrestricted Upload of File with Dangerous Type,File Upload vulnerability found in Oretnom23 Storage Unit Rental Management System v.1.0 allows a remote attacker to execute arbitrary code via the update_settings parameter.
CVE-2023-32463,Enterprise,Dell,Dell EMC VxRail Appliance,CWE-20,CWE-20,"
Dell VxRail, version(s) 8.0.100 and earlier contain a denial-of-service vulnerability in the upgrade functionality. A remote unauthenticated attacker could potentially exploit this vulnerability, leading to degraded performance and system malfunction.

"
CVE-2023-34045,Enterprise,VMware,Fusion,CWE-269,CWE-269 Improper Privilege Management,"VMware Fusion(13.x prior to 13.5) contains a local privilege escalation vulnerability that occurs during 
installation for the first time (the user needs to drag or copy the 
application to a folder from the '.dmg' volume) or when installing an 
upgrade. A malicious actor with local non-administrative user privileges may 
exploit this vulnerability to escalate privileges to root on the system 
where Fusion is installed or being installed for the first time."
CVE-2023-34046,Enterprise,VMware,Fusion,CWE-367,CWE-367 Time-of-check Time-of-use (TOCTOU) Race Condition,"VMware Fusion(13.x prior to 13.5) contains a TOCTOU (Time-of-check Time-of-use) 
vulnerability that occurs during installation for the first time (the 
user needs to drag or copy the application to a folder from the '.dmg' 
volume) or when installing an upgrade. A malicious actor with local non-administrative user privileges may 
exploit this vulnerability to escalate privileges to root on the system 
where Fusion is installed or being installed for the first time."
CVE-2023-41368,Enterprise,SAP_SE,S4 HANA ABAP (Manage checkbook apps),CWE-639,CWE-639: Authorization Bypass Through User-Controlled Key,"The OData service of the S4 HANA (Manage checkbook apps) - versions 102, 103, 104, 105, 106, 107, allows an attacker to change the checkbook name by simulating an update OData call.

"
CVE-2023-43086,Enterprise,Dell,Dell Command Configure (DCC),CWE-284,CWE-284,"
Dell Command | Configure, versions prior to 4.11.0, contains an improper access control vulnerability. A local malicious user could potentially modify files inside installation folder during application upgrade, leading to privilege escalation.

"
CVE-2024-11946,Enterprise,iXsystems,TrueNAS CORE,CWE-319,CLEARTEXT TRANSMISSION OF SENSITIVE INFORMATION CWE-319,"iXsystems TrueNAS CORE fetch_plugin_packagesites tar Cleartext Transmission of Sensitive Information Vulnerability. This vulnerability allows network-adjacent attackers to tamper with firmware update files on affected installations of iXsystems TrueNAS devices. Authentication is not required to exploit this vulnerability.

The specific flaw exists within the handling of firmware updates. The issue results from the use of an insecure protocol to deliver updates. An attacker can leverage this in conjunction with other vulnerabilities to execute arbitrary code in the context of root. Was ZDI-CAN-25668."
CVE-2024-1509,Enterprise,Brocade,ASCG,CWE-523,CWE-523: Unprotected Transport of Credentials,"Brocade ASCG before 3.2.0 Web Interface  is not 
enforcing HSTS, as defined by RFC 6797. HSTS is an optional response 
header that can be configured on the server to instruct the browser to 
only communicate via HTTPS. The lack of HSTS allows downgrade attacks, 
SSL-stripping man-in-the-middle attacks, and weakens cookie-hijacking 
protections."
CVE-2024-20478,Enterprise,Cisco,Cisco Application Policy Infrastructure Controller (APIC),CWE-250,Execution with Unnecessary Privileges,"A vulnerability in the software upgrade component of Cisco Application Policy Infrastructure Controller (APIC) and Cisco&nbsp;Cloud Network Controller, formerly Cisco Cloud APIC, could allow an authenticated, remote attacker with Administrator-level privileges to install a modified software image, leading to arbitrary code injection on an affected system.

This vulnerability is due to insufficient signature validation of software images. An attacker could exploit this vulnerability by installing a modified software image. A successful exploit could allow the attacker to execute arbitrary code on the affected system and elevate their privileges to root.
Note: Administrators should always validate the hash of any upgrade image before uploading it to Cisco APIC and Cisco Cloud Network Controller."
CVE-2024-23630,Enterprise,Motorola,MR2600,CWE-434,CWE-434 Unrestricted Upload of File with Dangerous Type,"An arbitrary firmware upload vulnerability exists in the Motorola 
MR2600. An attacker can exploit this vulnerability to achieve code 
execution on the device. Authentication is required, however can be 
bypassed."
CVE-2024-28809,Enterprise,n/a,n/a,CWE-312; CWE-798,CWE-312 Cleartext Storage of Sensitive Information; CWE-798 Use of Hard-coded Credentials,An issue was discovered in Infinera hiT 7300 5.60.50. Cleartext storage of sensitive password in firmware update packages allows attackers to access various appliance services via hardcoded credentials.
CVE-2024-29954,Enterprise,Brocade,Fabric OS,CWE-312,CWE-312 Cleartext Storage of Sensitive Information,"A vulnerability in a password management API in Brocade Fabric OS versions before v9.2.1, v9.2.0b, v9.1.1d, and v8.2.3e prints sensitive information in log files. This could allow an authenticated user to view the server passwords for protocols such as scp and sftp.

Detail.
When the firmwaredownload command is incorrectly entered or points to an erroneous file, the firmware download log captures the failed command, including any password entered in the command line."
CVE-2024-29969,Enterprise,Brocade,Brocade SANnav,CWE-326,CWE-326 Inadequate Encryption Strength,"When a Brocade SANnav installation is upgraded from Brocade SANnav v2.2.2 to Brocade SANnav 2.3.0, TLS/SSL weak message authentication code ciphers are added by default for port 18082. 

"
CVE-2024-36458,Enterprise,Broadcom,Symantec Privileged Access Management,CWE-918,CWE-918 Server-Side Request Forgery (SSRF),The vulnerability allows a malicious low-privileged PAM user to perform server upgrade related actions.
CVE-2024-38414,Enterprise,"Qualcomm, Inc.",Snapdragon,CWE-126,CWE-126 Buffer Over-read,Information disclosure while processing information on firmware image during core initialization.
CVE-2024-39352,Enterprise,Synology,Camera Firmware,CWE-863,CWE-863: Incorrect Authorization,A vulnerability regarding incorrect authorization is found in the firmware upgrade functionality. This allows remote authenticated users with administrator privileges to bypass firmware integrity check via unspecified vectors. The following models with Synology Camera Firmware versions before 1.0.7-0298 may be affected: BC500 and TC500.
CVE-2024-45450,Enterprise,Huawei,HarmonyOS,CWE-200,CWE-200,"Permission control vulnerability in the software update module.
Impact: Successful exploitation of this vulnerability may affect service confidentiality."
CVE-2024-47573,Enterprise,Fortinet,FortiNDR,CWE-354,Denial of service,"An improper validation of integrity check value vulnerability [CWE-354] in FortiNDR version 7.4.2 and below, version 7.2.1 and below, version 7.1.1 and below, version 7.0.6 and below may allow an authenticated attacker with at least Read/Write permission on system maintenance to install a corrupted firmware image."
CVE-2024-47588,Enterprise,SAP_SE,SAP NetWeaver Java (Software Update Manager),CWE-522,CWE-522: Insufficiently Protected Credentials,"In SAP NetWeaver Java (Software Update Manager 1.1), under certain conditions when a software upgrade encounters errors, credentials are written in plaintext to a log file. An attacker with local access to the server, authenticated as a non-administrative user, can acquire the credentials from the logs. This leads to a high impact on confidentiality, with no impact on integrity or availability."
CVE-2024-52537,Enterprise,Dell,Dell Client Platform BIOS,CWE-61,CWE-61: UNIX Symbolic Link (Symlink) Following,"Dell Client Platform Firmware Update Utility contains an Improper Link Resolution vulnerability. A high privileged attacker with local access could potentially exploit this vulnerability, leading to Elevation of Privileges."
CVE-2024-8000,Enterprise,Arista Networks,EOS,CWE-1284,CWE-1284 Improper Validation of Specified Quantity in Input,"On affected platforms running Arista EOS with 802.1X configured, certain conditions may occur where a dynamic ACL is received from the AAA server resulting in only the first line of the ACL being installed after an Accelerated Software Upgrade (ASU) restart. 

Note: supplicants with pending captive-portal authentication during ASU would be impacted with this bug."
CVE-2024-8773,Enterprise,Simple SA,SIMPLE.ERP,CWE-757,CWE-757 Selection of Less-Secure Algorithm During Negotiation ('Algorithm Downgrade'),"SIMPLE.ERP client is vulnerable to MS SQL protocol downgrade request from a server side, what could lead to an unencrypted communication vulnerable to data interception and modification.

This issue affect SIMPLE.ERP from 6.20 to 6.30. Only the 6.30 version received a patch 6.30@a03.9, which make it possible for an administrator to enforce encrypted communication. Versions 6.20 and 6.25 remain unpatched."
CVE-2025-1688,Enterprise,Milestone Systems,XProtect VMS,CWE-1394,CWE-1394: Use of Default Cryptographic Key,"Milestone Systems has discovered a
security vulnerability in Milestone XProtect installer that resets system
configuration password after the upgrading from older versions using specific
installers.



The system configuration
password is an additional, optional protection that is enabled on the
Management Server.


To mitigate the issue, we highly recommend updating system configuration password via GUI with a standard procedure.



Any system upgraded with
2024 R1 or 2024 R2 release installer is vulnerable to this issue.



Systems upgraded from 2023
R3 or older with version 2025 R1 and newer are not affected."
CVE-2025-20161,Enterprise,Cisco,Cisco NX-OS Software,CWE-78,CWE-78,"A vulnerability in the software upgrade process of Cisco Nexus 3000 Series Switches and Cisco Nexus 9000 Series Switches in standalone NX-OS mode could allow an authenticated, local attacker with valid Administrator credentials to execute a command injection attack on the underlying operating system of an affected device.

This vulnerability is due to insufficient validation of specific elements within a software image. An attacker could exploit this vulnerability by installing a crafted image. A successful exploit could allow the attacker to execute arbitrary commands on the underlying operating system with root privileges.&nbsp;
Note: Administrators should validate the hash of any software image before installation."
CVE-2025-23117,Enterprise,Ubiquiti Inc,UniFi Protect Cameras,CWE-346,CWE-346 Origin Validation Error,An Insufficient Firmware Update Validation vulnerability could allow an authenticated malicious actor with access to UniFi Protect Cameras adjacent network to make unsupported changes to the camera system.
CVE-2025-24505,Enterprise,Broadcom,Symantec Privileged Access Management,CWE-434,CWE-434 Unrestricted Upload of File with Dangerous Type,This vulnerability allows a high-privileged authenticated PAM user to achieve remote command execution on the affected PAM system by uploading a specially crafted upgrade file.
CVE-2025-24918,Enterprise,n/a,Intel(R) Server Configuration Utility software and Intel(R) Server Firmware Update Utility software,CWE-59,CWE-59 Improper Link Resolution Before File Access ('Link Following'),"Improper link resolution before file access ('link following') for some Intel(R) Server Configuration Utility software and Intel(R) Server Firmware Update Utility software before version 16.0.12. within Ring 3: User Applications may allow an escalation of privilege. System software adversary with an authenticated user combined with a high complexity attack may enable escalation of privilege. This result may potentially occur via local access when attack requirements are present without special internal knowledge and requires active user interaction. The potential vulnerability may impact the confidentiality (high), integrity (high) and availability (high) of the vulnerable system, resulting in subsequent system confidentiality (none), integrity (none) and availability (none) impacts."
CVE-2025-27030,Enterprise,"Qualcomm, Inc.",Snapdragon,CWE-126,CWE-126 Buffer Over-read,information disclosure while invoking calibration data from user space to update firmware size.
CVE-2025-34132,Enterprise,Merit LILIN,DVR Firmware,CWE-20; CWE-78,CWE-20; CWE-78,"A command injection vulnerability exists in LILIN Digital Video Recorder (DVR) devices prior to firmware version 2.0b60_20200207 via the Server field in the NTPUpdate configuration. The web service at /z/zbin/dvr_box fails to properly sanitize input, allowing remote attackers to inject and execute arbitrary commands as root by supplying specially crafted XML data to the DVRPOST interface."
CVE-2025-36582,Enterprise,Dell,NetWorker,CWE-757,CWE-757 Selection of Less-Secure Algorithm During Negotiation ('Algorithm Downgrade'),"Dell NetWorker, versions 19.12.0.1 and prior, contains a Selection of Less-Secure Algorithm During Negotiation ('Algorithm Downgrade') vulnerability. An unauthenticated attacker with remote access could potentially exploit this vulnerability, leading to Information disclosure."
CVE-2025-49812,Enterprise,Apache Software Foundation,Apache HTTP Server,CWE-287,CWE-287,"In some mod_ssl configurations on Apache HTTP Server versions through to 2.4.63, an HTTP desynchronisation attack allows a man-in-the-middle attacker to hijack an HTTP session via a TLS upgrade.

Only configurations using ""SSLEngine optional"" to enable TLS upgrades are affected. Users are recommended to upgrade to version 2.4.64, which removes support for TLS upgrade."
CVE-2025-53540,Enterprise,espressif,arduino-esp32,CWE-352,CWE-352: Cross-Site Request Forgery (CSRF),"arduino-esp32 is an Arduino core for the ESP32, ESP32-S2, ESP32-S3, ESP32-C3, ESP32-C6 and ESP32-H2 microcontrollers. Several OTA update examples and the HTTPUpdateServer implementation are vulnerable to Cross-Site Request Forgery (CSRF). The update endpoints accept POST requests for firmware uploads without CSRF protection. This allows an attacker to upload and execute arbitrary firmware, resulting in remote code execution (RCE). This vulnerability is fixed in 3.2.1."
CVE-2025-54549,Enterprise,Arista Networks,DANZ Monitoring Fabric,CWE-347,CWE-347,Cryptographic validation of upgrade images could be circumventing by dropping a specifically crafted file into the upgrade ISO
CVE-2025-65831,Enterprise,n/a,n/a,CWE-327,CWE-327 Use of a Broken or Risky Cryptographic Algorithm,"The application uses an insecure hashing algorithm (MD5) to hash passwords. If an attacker obtained a copy of these hashes, either through exploiting cloud services, performing TLS downgrade attacks on the traffic from a mobile device, or through another means, they may be able to crack the hash in a reasonable amount of time and gain unauthorized access to the victim's account."
CVE-2016-1520,Mobile,n/a,n/a,,,"The Grandstream Wave app 1.0.1.26 and earlier for Android does not use HTTPS when retrieving update information, which might allow man-in-the-middle attackers to execute arbitrary code via a crafted application."
CVE-2016-2462,Mobile,n/a,n/a,,,"OpenSSLCipher.java in Conscrypt in Android 6.x before 2016-05-01 mishandles updates of the Additional Authenticated Data (AAD) array, which allows attackers to spoof message authentication via unspecified vectors, aka internal bug 27371173."
CVE-2016-4741,Mobile,n/a,n/a,,,The Assets component in Apple iOS before 10 allows man-in-the-middle attackers to block software updates via vectors related to lack of an HTTPS session for retrieving updates.
CVE-2016-8237,Mobile,Lenovo Group Ltd.,Lenovo Updates,,,Remote code execution in Lenovo Updates (not Lenovo System Update) allows man-in-the-middle attackers to execute arbitrary code.
CVE-2017-11082,Mobile,n/a,n/a,,,"In Android for MSM, Firefox OS for MSM, QRD Android, with all Android releases from CAF using the Linux kernel, due to a race condition in a firmware loading routine, a buffer overflow could potentially occur if multiple user space threads try to update the WLAN firmware file through sysfs."
CVE-2017-13265,Mobile,Google Inc.,Android,,,"A elevation of privilege vulnerability in the Android system (OTA updates). Product: Android. Versions: 7.0, 7.1.1, 7.1.2, 8.0, 8.1. Android ID: A-36232423."
CVE-2017-5948,Mobile,n/a,n/a,,,"An issue was discovered on OnePlus One, X, 2, 3, and 3T devices. OxygenOS and HydrogenOS are vulnerable to downgrade attacks. This is due to a lenient 'updater-script' in OTAs that does not check that the current version is lower than or equal to the given image's. Downgrades can occur even on locked bootloaders and without triggering a factory reset, allowing for exploitation of now-patched vulnerabilities with access to user data. This vulnerability can be exploited by a Man-in-the-Middle (MiTM) attacker targeting the update process. This is possible because the update transaction does not occur over TLS (CVE-2016-10370). In addition, a physical attacker can reboot the phone into recovery, and then use 'adb sideload' to push the OTA (on OnePlus 3/3T 'Secure Start-up' must be off)."
CVE-2018-16089,Mobile,Lenovo,ThinkSystem SMM,,,"In System Management Module (SMM) versions prior to 1.06, a field in the header of SMM firmware update images is insufficiently sanitized, allowing post-authentication command injection on the SMM as the root user."
CVE-2018-9084,Mobile,Lenovo,ThinkSystem SMM,,,"In System Management Module (SMM) versions prior to 1.06, if an attacker manages to log in to the device OS, the validation of software updates can be circumvented."
CVE-2019-10959,Mobile,n/a,BD Alaris Gateway Workstation,CWE-434,UNRESTRICTED UPLOAD OF FILE WITH DANGEROUS TYPE CWE-434,"BD Alaris Gateway Workstation Versions, 1.1.3 Build 10, 1.1.3 MR Build 11, 1.2 Build 15, 1.3.0 Build 14, 1.3.1 Build 13, This does not impact the latest firmware Versions 1.3.2 and 1.6.1, Additionally, the following products using software Version 2.3.6 and below, Alaris GS, Alaris GH, Alaris CC, Alaris TIVA, The application does not restrict the upload of malicious files during a firmware update."
CVE-2019-19463,Mobile,n/a,n/a,,,The Anhui Huami Mi Fit application before 4.0.11 for Android has an Unencrypted Update Check.
CVE-2019-20575,Mobile,n/a,n/a,,,An issue was discovered on Samsung mobile devices with P(9.0) software. The WPA3 handshake feature allows a downgrade or dictionary attack. The Samsung ID is SVE-2019-14204 (August 2019).
CVE-2019-5226,Mobile,n/a,"P30, P30 Pro, Mate 20, HiSuite",,,"P30, P30 Pro, Mate 20 smartphones with software of versions earlier than ELLE-AL00B 9.1.0.193(C00E190R2P1), versions earlier than VOGUE-AL00A 9.1.0.193(C00E190R2P1), versions earlier than Hima-AL00B 9.1.0.135(C00E133R2P1) and HiSuite with versions earlier than HiSuite 9.1.0.305 have a version downgrade vulnerability. The device and HiSuite software do not validate the upgrade package sufficiently, so that the system of smartphone can be downgraded to an older version."
CVE-2019-5227,Mobile,n/a,"P30, P30 Pro, Mate 20, HiSuite",,,"P30, P30 Pro, Mate 20 smartphones with software of versions earlier than ELLE-AL00B 9.1.0.193(C00E190R2P1), versions earlier than VOGUE-AL00A 9.1.0.193(C00E190R2P1), versions earlier than Hima-AL00B 9.1.0.135(C00E133R2P1) and HiSuite with versions earlier than HiSuite 9.1.0.305 have a version downgrade vulnerability. The device and HiSuite software do not validate the upgrade package sufficiently, so that the system of smartphone can be downgraded to an older version."
CVE-2019-5231,Mobile,n/a,P30,,,P30 smartphones with versions earlier than ELLE-AL00B 9.1.0.186(C00E180R2P1) have an improper authorization vulnerability. The software incorrectly performs an authorization check when a user attempts to perform certain action. Successful exploit could allow the attacker to update a crafted package.
CVE-2020-0204,Mobile,n/a,Android,,,"In InstallPackage of package.cpp, there is a possible bypass of a signature check due to a Time of Check/Time of Use condition. This could lead to local escalation of privilege by allowing a bypass of the initial zip file signature check for an OS update with no additional execution privileges needed. User interaction is needed for exploitation.Product: AndroidVersions: Android-10Android ID: A-136498130"
CVE-2020-10831,Mobile,n/a,n/a,,,"An issue was discovered on Samsung mobile devices with O(8.x), P(9.0), and Q(10.0) software. Attackers can trigger an update to arbitrary touch-screen firmware. The Samsung ID is SVE-2019-16013 (March 2020)."
CVE-2020-7811,Mobile,Samsung Electronics, Samsung Update,CWE-502,CWE-502 Deserialization of Untrusted Data,Samsung Update 3.0.2.0 ~ 3.0.32.0 has a vulnerability that allows privilege escalation as commands crafted by attacker are executed while the engine deserializes the data received during inter-process communication
CVE-2020-8342,Mobile,Lenovo,System Update,CWE-367,CWE-367 Time-of-check Time-of-use (TOCTOU) Race Condition,A race condition vulnerability was reported in Lenovo System Update prior to version 5.07.0106 that could allow escalation of privilege.
CVE-2020-9138,Mobile,n/a,EMUI;Magic UI,,,"There is a heap-based buffer overflow vulnerability in some Huawei Smartphone, Successful exploit of this vulnerability can cause process exceptions during updating."
CVE-2020-9142,Mobile,n/a,EMUI;Magic UI,,,There is a heap base buffer overflow vulnerability in some Huawei smartphone.Successful exploitation of this vulnerability can cause heap overflow and memory overwriting when the system incorrectly processes the update file.
CVE-2021-0462,Mobile,n/a,Android,,,"In the NXP NFC firmware, there is a possible insecure firmware update due to a logic error. This could lead to local escalation of privilege with System execution privileges needed. User interaction is not needed for exploitation.Product: AndroidVersions: Android kernelAndroid ID: A-168799695"
CVE-2021-25436,Mobile,Samsung Mobile,Tizen wearable devices,CWE-20,CWE-20: Improper Input Validation,Improper input validation vulnerability in Tizen FOTA service prior to Firmware update JUL-2021 Release allows arbitrary code execution via Samsung Accessory Protocol.
CVE-2021-25437,Mobile,Samsung Mobile,Tizen wearable devices,CWE-20,CWE-20: Improper Input Validation,Improper access control vulnerability in Tizen FOTA service prior to Firmware update JUL-2021 Release allows attackers to arbitrary code execution by replacing FOTA update file.
CVE-2021-40055,Mobile,Huawei,EMUI,,,There is a man-in-the-middle attack vulnerability during system update download in recovery mode. Successful exploitation of this vulnerability may affect integrity.
CVE-2022-0354,Mobile,Lenovo,System Update,,,A vulnerability was reported in Lenovo System Update that could allow a local user with interactive system access the ability to execute code with elevated privileges only during the installation of a System Update package released before 2022-02-25 that displays a command prompt window.
CVE-2022-28370,Mobile,n/a,n/a,,,"On Verizon 5G Home LVSKIHP OutDoorUnit (ODU) 3.33.101.0 devices, the RPC endpoint crtc_fw_upgrade provides a means of provisioning a firmware update for the device. /lib/functions/wnc_jsonsh/wnc_crtc_fw.sh has no cryptographic validation of the image, thus allowing an attacker to modify the installed firmware."
CVE-2022-28372,Mobile,n/a,n/a,,,"On Verizon 5G Home LVSKIHP InDoorUnit (IDU) 3.4.66.162 and OutDoorUnit (ODU) 3.33.101.0 devices, the CRTC and ODU RPC endpoints provide a means of provisioning a firmware update for the device via crtc_fw_upgrade or crtcfwimage. The URL provided is not validated, and thus allows for arbitrary file upload to the device. This occurs in /lib/lua/luci/crtc.lua (IDU) and /lib/functions/wnc_jsonsh/wnc_crtc_fw.sh (ODU)."
CVE-2022-3007,Mobile,Syska Led Lights Pvt Ltd,Syska SW100 Smartwatch,CWE-862,CWE-862 Missing Authorization,"The vulnerability exists in Syska SW100 Smartwatch due to an improper implementation and/or configuration of Nordic Device Firmware Update (DFU) which is used for performing Over-The-Air (OTA) firmware updates on the Bluetooth Low Energy (BLE) devices. An unauthenticated attacker could exploit this vulnerability by setting arbitrary values to handle on the vulnerable device over Bluetooth.

Successful exploitation of this vulnerability could allow the attacker to perform firmware update, device reboot or data manipulation on the target device.
"
CVE-2022-4569,Mobile,Lenovo,ThinkPad Hybrid USB-C with USB-A Dock Firmware Update Tool,CWE-276,CWE-276 Incorrect Default Permissions,A local privilege escalation vulnerability in the ThinkPad Hybrid USB-C with USB-A Dock Firmware Update Tool could allow an attacker with local access to execute code with elevated privileges during the package upgrade or installation.
CVE-2023-21026,Mobile,n/a,Android,CWE-703,CWE-703 Improper Check or Handling of Exceptional Conditions,"In updateInputChannel of WindowManagerService.java, there is a possible way to set a touchable region beyond its own SurfaceControl due to a logic error in the code. This could lead to local denial of service with no additional execution privileges needed. User interaction is not needed for exploitation.Product: AndroidVersions: Android-13Android ID: A-254681548"
CVE-2023-27964,Mobile,Apple,AirPods Firmware Update E,,,"An authentication issue was addressed with improved state management. This issue is fixed in AirPods Firmware Update 5E133. When your headphones are seeking a connection request to one of your previously paired devices, an attacker in Bluetooth range might be able to spoof the intended source device and gain access to your headphones."
CVE-2023-4632,Mobile,Lenovo,Lenovo System Update,CWE-427,CWE-427 Uncontrolled Search Path Element,An uncontrolled search path vulnerability was reported in Lenovo System Update that could allow an attacker with local access to execute code with elevated privileges.
CVE-2024-23922,Mobile,Sony,XAV-AX5500,CWE-345,CWE-345: Insufficient Verification of Data Authenticity,"Sony XAV-AX5500 Insufficient Firmware Update Validation Remote Code Execution Vulnerability. This vulnerability allows physically present attackers to execute arbitrary code on affected installations of Sony XAV-AX5500 devices. Authentication is not required to exploit this vulnerability.

The specific flaw exists within the handling of software updates. The issue results from the lack of proper validation of software update packages. An attacker can leverage this vulnerability to execute code in the context of the device.

Was ZDI-CAN-22939"
CVE-2024-27867,Mobile,Apple,"AirPods Firmware Update A, AirPods Firmware Update F, and Beats Firmware Update F",,,"An authentication issue was addressed with improved state management. This issue is fixed in AirPods Firmware Update 6A326, AirPods Firmware Update 6F8, and Beats Firmware Update 6F8. When your headphones are seeking a connection request to one of your previously paired devices, an attacker in Bluetooth range might be able to spoof the intended source device and gain access to your headphones."
CVE-2024-40774,Mobile,Apple,iOS and iPadOS,,,"A downgrade issue was addressed with additional code-signing restrictions. This issue is fixed in macOS Ventura 13.6.8, macOS Monterey 12.7.6, iOS 17.6 and iPadOS 17.6, watchOS 10.6, tvOS 17.6, macOS Sonoma 14.6. An app may be able to bypass Privacy preferences."
CVE-2024-47865,Mobile,"Rakuten Mobile, Inc.",Rakuten Turbo 5G,CWE-306,Missing authentication for critical function,"Missing authentication for critical function vulnerability exists in Rakuten Turbo 5G firmware version V1.3.18 and earlier. If this vulnerability is exploited, a remote unauthenticated attacker may update or downgrade the firmware on the device."
CVE-2025-5825,Mobile,Autel,Autel MaxiCharger AC Wallbox Commercial,CWE-1328,CWE-1328: Security Version Number Mutable to Older Versions,"Autel MaxiCharger AC Wallbox Commercial Firmware Downgrade Remote Code Execution Vulnerability. This vulnerability allows network-adjacent attackers to execute arbitrary code on affected installations of Autel MaxiCharger AC Wallbox Commercial charging stations. An attacker must first obtain the ability to pair a malicious Bluetooth device with the target system in order to exploit this vulnerability.

The specific flaw exists within the firmware update process. The issue results from the lack of proper validation of a firmware image before using it to perform an upgrade. An attacker can leverage this in conjunction with other vulnerabilities to execute arbitrary code in the context of the device. Was ZDI-CAN-26354."
CVE-2016-1731,PC,n/a,n/a,,,"Apple Software Update before 2.2 on Windows does not use HTTPS, which makes it easier for man-in-the-middle attackers to spoof updates by modifying the client-server data stream."
CVE-2016-2809,PC,n/a,n/a,,,The Mozilla Maintenance Service updater in Mozilla Firefox before 46.0 on Windows allows user-assisted remote attackers to delete arbitrary files by leveraging certain local file execution.
CVE-2016-2826,PC,n/a,n/a,,,"The maintenance service in Mozilla Firefox before 47.0 and Firefox ESR 45.x before 45.2 on Windows does not prevent MAR extracted-file modification during updater execution, which might allow local users to gain privileges via a Trojan horse file."
CVE-2016-5253,PC,n/a,n/a,,,The Updater in Mozilla Firefox before 48.0 on Windows allows local users to write to arbitrary files via vectors involving the callback application-path parameter and a hard link.
CVE-2016-5293,PC,Mozilla,Firefox ESR,,,"When the Mozilla Updater is run, if the Updater's log file in the working directory points to a hardlink, data can be appended to an arbitrary local file. This vulnerability requires local system access. Note: this issue only affects Windows operating systems. This vulnerability affects Firefox ESR < 45.5 and Firefox < 50."
CVE-2016-5294,PC,Mozilla,Thunderbird,,,"The Mozilla Updater can be made to choose an arbitrary target working directory for output files resulting from the update process. This vulnerability requires local system access. Note: this issue only affects Windows operating systems. This vulnerability affects Thunderbird < 45.5, Firefox ESR < 45.5, and Firefox < 50."
CVE-2016-5295,PC,Mozilla,Firefox,,,This vulnerability allows an attacker to use the Mozilla Maintenance Service to escalate privilege by having the Maintenance Service invoke the Mozilla Updater to run malicious local files. This vulnerability requires local system access and is a variant of MFSA2013-44. Note: this issue only affects Windows operating systems. This vulnerability affects Firefox < 50.
CVE-2016-7300,PC,n/a,n/a,,,"Untrusted search path vulnerability in Microsoft Auto Updater for Mac allows local users to gain privileges via a Trojan horse executable file, aka ""Microsoft (MAU) Office Elevation of Privilege Vulnerability."""
CVE-2016-8021,PC,Intel,VirusScan Enterprise Linux (VSEL),,,Improper verification of cryptographic signature vulnerability in Intel Security VirusScan Enterprise Linux (VSEL) 2.0.3 (and earlier) allows remote authenticated users to spoof update server and execute arbitrary code via a crafted input file.
CVE-2016-8226,PC,Lenovo Group Ltd.,"System X M5, M6, and X6 BIOS",,,"The BIOS in Lenovo System X M5, M6, and X6 systems allows administrators to cause a denial of service via updating a UEFI data structure."
CVE-2016-8273,PC,n/a,HiSuite 4.0.5.300_OVE,,,Huawei PC client software HiSuite 4.0.5.300_OVE uses insecure HTTP for upgrade software package download and does not check the integrity of the software package before installing; an attacker can launch an MITM attack to interrupt or replace the downloaded software package and further compromise the PC.
CVE-2016-9603,PC,QEMU,Qemu:,CWE-122,CWE-122,"A heap buffer overflow flaw was found in QEMU's Cirrus CLGD 54xx VGA emulator's VNC display driver support before 2.9; the issue could occur when a VNC client attempted to update its display after a VGA operation is performed by a guest. A privileged user/process inside a guest could use this flaw to crash the QEMU process or, potentially, execute arbitrary code on the host with privileges of the QEMU process."
CVE-2017-14444,PC,Insteon,Insteon,,,"An exploitable buffer overflow vulnerability exists in Insteon Hub running firmware version 1012. The HTTP server implementation incorrectly handles the URL parameter during a firmware update request, leading to a buffer overflow on a global section. An attacker can send an HTTP GET request to trigger this vulnerability."
CVE-2017-14445,PC,Insteon,Insteon,,,"An exploitable buffer overflow vulnerability exists in Insteon Hub running firmware version 1012. The HTTP server implementation incorrectly handles the host parameter during a firmware update request, leading to a buffer overflow on a global section. An attacker can send an HTTP GET request to trigger this vulnerability."
CVE-2017-15124,PC,QEMU,Qemu,CWE-770,CWE-770,"VNC server implementation in Quick Emulator (QEMU) 2.11.0 and older was found to be vulnerable to an unbounded memory allocation issue, as it did not throttle the framebuffer updates sent to its client. If the client did not consume these updates, VNC server allocates growing memory to hold onto this data. A malicious remote VNC client could use this flaw to cause DoS to the server host."
CVE-2017-16786,PC,n/a,n/a,,,"The Web Configuration Utility in Meinberg LANTIME devices with firmware before 6.24.004 allows remote authenticated users with certain privileges to read arbitrary files via (1) the ntpclientcounterlogfile parameter to cgi-bin/mainv2 or (2) vectors involving curl support of the ""file"" schema in the firmware update functionality."
CVE-2017-17665,PC,n/a,n/a,,,"In Octopus Deploy before 4.1.3, the machine update process doesn't check that the user has access to all environments. This allows an access-control bypass because the set of environments to which a machine is scoped may include environments in which the user lacks access."
CVE-2017-2149,PC,Toshiba Corporation,Installer for SDHC/SDXC Memory Card with embedded NFC functionality Software Update Tool,,,"Untrusted search path vulnerability in installers of the software for SDHC/SDXC Memory Card with embedded NFC functionality Software Update Tool V1.00.03 and earlier, SDHC Memory Card with embedded wireless LAN functionality FlashAir Configuration Software V3.0.2 and earlier, SDHC Memory Card with embedded wireless LAN functionality FlashAir Software Update tool (SD-WE series<W-03>) V3.00.01, SDHC Memory Card with embedded wireless LAN functionality FlashAir Software Update tool (SD-WD/WC series<W-02>) V2.00.03 and earlier, SDHC Memory Card with embedded wireless LAN functionality FlashAir Software Update tool (SD-WB/WL series) V1.00.04 and earlier, SDHC Memory Card with embedded TransferJet functionality Configuration Software V1.02 and earlier, SDHC Memory Card with embedded TransferJet functionality Software Update tool V1.00.06 and earlier allows remote attackers to gain privileges via a Trojan horse DLL in an unspecified directory."
CVE-2017-3198,PC,GIGABYTE,GB-BSi7H-6500,CWE-345,CWE-345: Insufficient Verification of Data Authenticity,"GIGABYTE BRIX UEFI firmware does not cryptographically validate images prior to updating the system firmware. Additionally, the firmware updates are served over HTTP. An attacker can make arbitrary modifications to firmware images without being detected."
CVE-2017-5409,PC,Mozilla,Firefox ESR,,,"The Mozilla Windows updater can be called by a non-privileged user to delete an arbitrary local file by passing a special path to the callback parameter through the Mozilla Maintenance Service, which has privileged access. Note: This attack requires local system access and only affects Windows. Other operating systems are not affected. This vulnerability affects Firefox ESR < 45.8 and Firefox < 52."
CVE-2017-6445,PC,n/a,n/a,,,"The auto-update feature of Open Embedded Linux Entertainment Center (OpenELEC) 6.0.3, 7.0.1, and 8.0.4 uses neither encrypted connections nor signed updates. A man-in-the-middle attacker could manipulate the update packages to gain root access remotely."
CVE-2017-7760,PC,Mozilla,Firefox ESR,,,"The Mozilla Windows updater modifies some files to be updated by reading the original file and applying changes to it. The location of the original file can be altered by a malicious user by passing a special path to the callback parameter through the Mozilla Maintenance Service, allowing the manipulation of files in the installation directory and privilege escalation by manipulating the Mozilla Maintenance Service, which has privileged access. Note: This attack requires local system access and only affects Windows. Other operating systems are not affected. This vulnerability affects Firefox ESR < 52.2 and Firefox < 54."
CVE-2017-7766,PC,Mozilla,Firefox ESR,,,"An attack using manipulation of ""updater.ini"" contents, used by the Mozilla Windows Updater, and privilege escalation through the Mozilla Maintenance Service to allow for arbitrary file execution and deletion by the Maintenance Service, which has privileged access. Note: This attack requires local system access and only affects Windows. Other operating systems are not affected. This vulnerability affects Firefox ESR < 52.2 and Firefox < 54."
CVE-2017-7768,PC,Mozilla,Firefox ESR,,,"The Mozilla Maintenance Service can be invoked by an unprivileged user to read 32 bytes of any arbitrary file on the local system by convincing the service that it is reading a status file provided by the Mozilla Windows Updater. The Mozilla Maintenance Service executes with privileged access, bypassing system protections against unprivileged users. Note: This attack requires local system access and only affects Windows. Other operating systems are not affected. This vulnerability affects Firefox ESR < 52.2 and Firefox < 54."
CVE-2017-8665,PC,Microsoft Corporation,Xamarin.iOS,,,"The Xamarin.iOS update component on systems running macOS allows an attacker to run arbitrary code as root, aka ""Xamarin.iOS Elevation Of Privilege Vulnerability."""
CVE-2017-8894,PC,n/a,n/a,,,AeroAdmin 4.1 uses an insecure protocol (HTTP) to perform software updates. An attacker can hijack an update via man-in-the-middle in order to execute code in the machine.
CVE-2017-9034,PC,n/a,n/a,,,Trend Micro ServerProtect for Linux 3.0 before CP 1531 allows attackers to write to arbitrary files and consequently execute arbitrary code with root privileges by leveraging failure to validate software updates.
CVE-2017-9035,PC,n/a,n/a,,,Trend Micro ServerProtect for Linux 3.0 before CP 1531 allows attackers to eavesdrop and tamper with updates by leveraging unencrypted communications with update servers.
CVE-2017-9316,PC,Dahua Technologies,IPC-HDW4300S\NVR11HS\IPC-HFW4X00\IPC-HDW4X00\IPC-HDBW4X00\IPC-HF5X00\IPC-HFW5X00\IPC-HDW5X00\IPC-HDBW5X00\NVR11HS,,,"Firmware upgrade authentication bypass vulnerability was found in Dahua IPC-HDW4300S and some IP products. The vulnerability was caused by internal Debug function. This particular function was used for problem analysis and performance tuning during product development phase. It allowed the device to receive only specific data (one direction, no transmit) and therefore it was not involved in any instance of collecting user privacy data or allowing remote code execution."
CVE-2017-9457,PC,n/a,n/a,,,Intense PC Phoenix SecureCore UEFI firmware does not perform capsule signature validation before upgrading the system firmware. The absence of signature validation allows an attacker with administrator privileges to flash a modified UEFI BIOS.
CVE-2018-0690,PC,Sony Video & Sound Products Inc.,Music Center for PC,,,An unvalidated software update vulnerability in Music Center for PC version 1.0.02 and earlier could allow a man-in-the-middle attacker to tamper with an update file and inject executable files.
CVE-2018-1000828,PC,n/a,n/a,,,"FrostWire version <= frostwire-desktop-6.7.4-build-272 contains a XML External Entity (XXE) vulnerability in Man in the middle on update that can result in Disclosure of confidential data, denial of service, SSRF, port scanning. This attack appear to be exploitable via Man in the middle the call to update the software."
CVE-2018-12158,PC,Intel Corporation,Intel NUC Firmware Kits,,,"Insufficient input validation in BIOS update utility in Intel NUC FW kits downloaded before May 24, 2018 may allow a privileged user to potentially trigger a denial of service or information disclosure via local access."
CVE-2018-12167,PC,Intel Corporation,Intel(R) Optane(TM) SSD DC P4800X,,,Firmware update routine in bootloader for Intel(R) Optane(TM) SSD DC P4800X before version E2010435 may allow a privileged user to potentially enable a denial of service via local access.
CVE-2018-13140,PC,n/a,n/a,,,Druide Antidote through 9.5.1 on Windows and Linux allows remote code execution through the update mechanism by leveraging use of HTTP to download installation packages.
CVE-2018-5402,PC,Auto-Maskin,DCU-210E,CWE-319,CWE-319: Cleartext Transmission of Sensitive Information,"The Auto-Maskin DCU 210E, RP-210E, and Marine Pro Observer Android App use an embedded webserver that uses unencrypted plaintext for the transmission of the administrator PIN Impact: An attacker once authenticated can change configurations, upload new configuration files, and upload executable code via file upload for firmware updates. Requires access to the network. Affected releases are Auto-Maskin DCU-210E, RP-210E, and the Marine Pro Observer Android App. Versions prior to 3.7 on ARMv7."
CVE-2018-7884,PC,n/a,n/a,,,"An issue was discovered in DisplayLink Core Software Cleaner Application 8.2.1956. When the drivers are updated to a newer version, the product launches a process as SYSTEM to uninstall the old version: cl_1956.exe is run as SYSTEM on the %systemroot%\Temp folder, where any user can write a DLL (e.g., version.dll) to perform DLL Hijacking and elevate privileges to SYSTEM."
CVE-2018-8412,PC,Microsoft,Microsoft Office,,,"An elevation of privilege vulnerability exists when the Microsoft AutoUpdate (MAU) application for Mac improperly validates updates before executing them, aka ""Microsoft (MAU) Office Elevation of Privilege Vulnerability."" This affects Microsoft Office."
CVE-2019-10706,PC,n/a,n/a,,,"Western Digital SanDisk SanDisk X300, X300s, X400, and X600 devices: The firmware update authentication method relies on a symmetric HMAC digest. The key used to validate this digest is present in a protected area of the device, and if extracted could be used to install arbitrary firmware to other devices."
CVE-2019-10940,PC,Siemens AG,SINEMA Server,CWE-266,CWE-266: Incorrect Privilege Assignment,"A vulnerability has been identified in SINEMA Server (All versions < V14.0 SP2 Update 1). Incorrect session validation could allow an attacker with a valid session, with low privileges, to perform firmware updates and other administrative operations on connected devices. The security vulnerability could be exploited by an attacker with network access to the affected system. An attacker must have access to a low privileged account in order to exploit the vulnerability. An attacker could use the vulnerability to compromise confidentiality, integrity, and availability of the affected system and underlying components. At the time of advisory publication no public exploitation of this security vulnerability was known."
CVE-2019-11753,PC,Mozilla,Firefox,,,"The Firefox installer allows Firefox to be installed to a custom user writable location, leaving it unprotected from manipulation by unprivileged users or malware. If the Mozilla Maintenance Service is manipulated to update this unprotected location and the updated maintenance service in the unprotected location has been altered, the altered maintenance service can run with elevated privileges during the update process due to a lack of integrity checks. This allows for privilege escalation if the executable has been replaced locally. <br>*Note: This attack requires local system access and only affects Windows. Other operating systems are not affected.*. This vulnerability affects Firefox < 69, Firefox ESR < 60.9, and Firefox ESR < 68.1."
CVE-2019-12106,PC,n/a,n/a,,,The updateDevice function in minissdpd.c in MiniUPnP MiniSSDPd 1.4 and 1.5 allows a remote attacker to crash the process due to a Use After Free vulnerability.
CVE-2019-1289,PC,Microsoft,Windows,,,"An elevation of privilege vulnerability exists when the Windows Update Delivery Optimization does not properly enforce file share permissions, aka 'Windows Update Delivery Optimization Elevation of Privilege Vulnerability'."
CVE-2019-1323,PC,Microsoft,Windows,,,"An elevation of privilege vulnerability exists in the Microsoft Windows Update Client when it does not properly handle privileges, aka 'Microsoft Windows Update Client Elevation of Privilege Vulnerability'. This CVE ID is unique from CVE-2019-1336."
CVE-2019-1337,PC,Microsoft,Windows,,,"An information disclosure vulnerability exists when Windows Update Client fails to properly handle objects in memory, aka 'Windows Update Client Information Disclosure Vulnerability'."
CVE-2019-16243,PC,n/a,n/a,,,"On TCL Alcatel Cingular Flip 2 B9HUAH1 devices, there is an undocumented web API that allows unprivileged JavaScript, including JavaScript running within the KaiOS browser, to view and edit the device's firmware over-the-air update settings. (This web API is normally used by the system application to trigger firmware updates via OmaService.js.)"
CVE-2019-17009,PC,Mozilla,Thunderbird,,,"When running, the updater service wrote status and log files to an unrestricted location; potentially allowing an unprivileged process to locate and exploit a vulnerability in file handling in the updater service. *Note: This attack requires local system access and only affects Windows. Other operating systems are not affected.*. This vulnerability affects Thunderbird < 68.3, Firefox ESR < 68.3, and Firefox < 71."
CVE-2019-17190,PC,n/a,n/a,,,"A Local Privilege Escalation issue was discovered in Avast Secure Browser 76.0.1659.101. The vulnerability is due to an insecure ACL set by the AvastBrowserUpdate.exe (which is running as NT AUTHORITY\SYSTEM) when AvastSecureBrowser.exe checks for new updates. When the update check is triggered, the elevated process cleans the ACL of the Update.ini file in %PROGRAMDATA%\Avast Software\Browser\Update\ and sets all privileges to group Everyone. Because any low-privileged user can create, delete, or modify the Update.ini file stored in this location, an attacker with low privileges can create a hard link named Update.ini in this folder, and make it point to a file writable by NT AUTHORITY\SYSTEM. Once AvastBrowserUpdate.exe is triggered by the update check functionality, the DACL is set to a misconfigured value on the crafted Update.ini and, consequently, to the target file that was previously not writable by the low-privileged attacker."
CVE-2019-18642,PC,n/a,n/a,,,"Rock RMS version before 8.6 is vulnerable to account takeover by tampering with the user ID parameter in the profile update feature. The lack of validation and use of sequential user IDs allows any user to change account details of any other user. This vulnerability could be used to change the email address of another account, even the administrator account. Upon changing another account's email address, performing a password reset to the new email address could allow an attacker to take over any account."
CVE-2019-19756,PC,Lenovo,XClarity Administrator (LXCA),CWE-532,CWE-532 Information Exposure Through Log Files,"An internal product security audit of Lenovo XClarity Administrator (LXCA) discovered Windows OS credentials, used to perform driver updates of managed systems, being written to a log file in clear text. This only affects LXCA version 2.6.0 when performing a Windows driver update. Affected logs are only accessible to authorized users in the First Failure Data Capture (FFDC) service log and log files on LXCA."
CVE-2019-20501,PC,n/a,n/a,,,"D-Link DWL-2600AP 4.2.0.15 Rev A devices have an authenticated OS command injection vulnerability via the Upgrade Firmware functionality in the Web interface, using shell metacharacters in the admin.cgi?action=upgrade firmwareRestore or firmwareServerip parameter."
CVE-2019-3726,PC,Dell EMC,Dell EMC Servers: Networking and Fibre Channel Drivers: Dell Update Package (DUP) Framework file,,,"An Uncontrolled Search Path Vulnerability is applicable to the following: Dell Update Package (DUP) Framework file versions prior to 19.1.0.413, and Framework file versions prior to 103.4.6.69 used in Dell EMC Servers. Dell Update Package (DUP) Framework file versions prior to 3.8.3.67 used in Dell Client Platforms. The vulnerability is limited to the DUP framework during the time window when a DUP is being executed by an administrator. During this time window, a locally authenticated low privilege malicious user potentially could exploit this vulnerability by tricking an administrator into running a trusted binary, causing it to load a malicious DLL and allowing the attacker to execute arbitrary code on the victim system. The vulnerability does not affect the actual binary payload that the DUP delivers."
CVE-2019-5011,PC,n/a,CleanMyMac X,CWE-459,CWE-459: Incomplete Cleanup,"An exploitable privilege escalation vulnerability exists in the helper service CleanMyMac X, version 4.20, due to improper updating. The application failed to remove the vulnerable components upon upgrading to the latest version, leaving the user open to attack. A user with local access can use this vulnerability to modify the file system as root. An attacker would need local access to the machine for a successful exploit."
CVE-2019-6171,PC,Lenovo,BIOS,,,A vulnerability was reported in various BIOS versions of older ThinkPad systems that could allow a user with administrative privileges or physical access the ability to update the Embedded Controller with unsigned firmware.
CVE-2019-8458,PC,Check Point,"Check Point Endpoint Security Client for Windows, Anti-Malware blade",CWE-114,CWE-114,"Check Point Endpoint Security Client for Windows, with Anti-Malware blade installed, before version E81.00, tries to load a non-existent DLL during an update initiated by the UI. An attacker with administrator privileges can leverage this to gain code execution within a Check Point Software Technologies signed binary, where under certain circumstances may cause the client to terminate."
CVE-2019-9681,PC,Dahua,"IPC-HDW1X2X,IPC-HFW1X2X,IPC-HDW2X2X,IPC-HFW2X2X,IPC-HDW4X2X,IPC-HFW4X2X,IPC-HDBW4X2X,IPC-HDW5X2X,IPC-HFW5X2X",,,"Online upgrade information in some firmware packages of Dahua products is not encrypted. Attackers can obtain this information by analyzing firmware packages by specific means. Affected products include: IPC-HDW1X2X,IPC-HFW1X2X,IPC-HDW2X2X,IPC-HFW2X2X,IPC-HDW4X2X,IPC-HFW4X2X,IPC-HDBW4X2X,IPC-HDW5X2X,IPC-HFW5X2X for versions which Build time is before August 18,2019."
CVE-2020-0867,PC,Microsoft,Windows,,,"An elevation of privilege vulnerability exists when the Windows Update Orchestrator Service improperly handles file operations, aka 'Windows Update Orchestrator Service Elevation of Privilege Vulnerability'. This CVE ID is unique from CVE-2020-0868."
CVE-2020-0984,PC,Microsoft,Microsoft AutoUpdate for Mac,,,"An elevation of privilege vulnerability exists when the Microsoft AutoUpdate (MAU) application for Mac improperly validates updates before executing them, aka 'Microsoft (MAU) Office Elevation of Privilege Vulnerability'."
CVE-2020-0985,PC,Microsoft,Windows,,,"An elevation of privilege vulnerability exists when the Windows Update Stack fails to properly handle objects in memory, aka 'Windows Update Stack Elevation of Privilege Vulnerability'. This CVE ID is unique from CVE-2020-0996."
CVE-2020-0996,PC,Microsoft,Windows,,,"An elevation of privilege vulnerability exists when the Windows Update Stack fails to properly handle objects in memory, aka 'Windows Update Stack Elevation of Privilege Vulnerability'. This CVE ID is unique from CVE-2020-0985."
CVE-2020-10126,PC,NCR,SelfServ ATM,CWE-305,CWE-305 Authentication Bypass by Primary Weakness,"NCR SelfServ ATMs running APTRA XFS 05.01.00 do not properly validate softare updates for the bunch note acceptor (BNA), enabling an attacker with physical access to internal ATM components to restart the host computer and execute arbitrary code with SYSTEM privileges because while booting, the update process looks for CAB archives on removable media and executes a specific file without first validating the signature of the CAB archive."
CVE-2020-1014,PC,Microsoft,Windows,,,"An elevation of privilege vulnerability exists in the Microsoft Windows Update Client when it does not properly handle privileges, aka 'Microsoft Windows Update Client Elevation of Privilege Vulnerability'."
CVE-2020-11614,PC,n/a,n/a,,,"Mids' Reborn Hero Designer 2.6.0.7 downloads the update manifest, as well as update files, over cleartext HTTP. Additionally, the application does not perform file integrity validation for files after download. An attacker can perform a man-in-the-middle attack against this connection and replace executable files with malicious versions, which the operating system then executes under the context of the user running Hero Designer."
CVE-2020-11967,PC,n/a,n/a,,,"In IQrouter through 3.3.1, remote attackers can control the device (restart network, reboot, upgrade, reset) because of Incorrect Access Control. Note: The vendor claims that this vulnerability can only occur on a brand-new network that, after initiating the forced initial configuration (which has a required step for setting a secure password on the system), makes this CVE invalid. This vulnerability is “true for any unconfigured release of OpenWRT, and true of many other new Linux distros prior to being configured for the first time”"
CVE-2020-12431,PC,n/a,n/a,,,"A Windows privilege change issue was discovered in Splashtop Software Updater before 1.5.6.16. Insecure permissions on the configuration file and named pipe allow for local privilege escalation to NT AUTHORITY/SYSTEM, by forcing a permission change to any Splashtop files and directories, with resultant DLL hijacking. This product is bundled with Splashtop Streamer (before 3.3.8.0) and Splashtop Business (before 3.3.8.0)."
CVE-2020-1313,PC,Microsoft,Windows 10 Version 1909 for 32-bit Systems,,,"An elevation of privilege vulnerability exists when the Windows Update Orchestrator Service improperly handles file operations, aka 'Windows Update Orchestrator Service Elevation of Privilege Vulnerability'."
CVE-2020-15663,PC,Mozilla,Firefox,,,"If Firefox is installed to a user-writable directory, the Mozilla Maintenance Service would execute updater.exe from the install location with system privileges. Although the Mozilla Maintenance Service does ensure that updater.exe is signed by Mozilla, the version could have been rolled back to a previous version which would have allowed exploitation of an older bug and arbitrary code execution with System Privileges. *Note: This issue only affected Windows operating systems. Other operating systems are unaffected.*. This vulnerability affects Firefox < 80, Thunderbird < 78.2, Thunderbird < 68.12, Firefox ESR < 68.12, and Firefox ESR < 78.2."
CVE-2020-17070,PC,Microsoft,Windows 10 Version 20H2,,,Windows Update Medic Service Elevation of Privilege Vulnerability
CVE-2020-17073,PC,Microsoft,Windows 10 Version 1909,,,Windows Update Orchestrator Service Elevation of Privilege Vulnerability
CVE-2020-17074,PC,Microsoft,Windows 10 Version 1909,,,Windows Update Orchestrator Service Elevation of Privilege Vulnerability
CVE-2020-17076,PC,Microsoft,Windows 10 Version 1909,,,Windows Update Orchestrator Service Elevation of Privilege Vulnerability
CVE-2020-17077,PC,Microsoft,Windows 10 Version 20H2,,,Windows Update Stack Elevation of Privilege Vulnerability
CVE-2020-2032,PC,Palo Alto Networks,GlobalProtect App,CWE-367,CWE-367 Time-of-check Time-of-use (TOCTOU) Race Condition,A race condition vulnerability Palo Alto Networks GlobalProtect app on Windows allows a local limited Windows user to execute programs with SYSTEM privileges. This issue can be exploited only while performing a GlobalProtect app upgrade. This issue affects: GlobalProtect app 5.0 versions earlier than GlobalProtect app 5.0.10 on Windows; GlobalProtect app 5.1 versions earlier than GlobalProtect app 5.1.4 on Windows.
CVE-2020-27540,PC,n/a,n/a,,,Bash injection vulnerability and bypass of signature verification in Rostelecom CS-C2SHW 5.0.082.1. The camera reads firmware update configuration from SD card file vc\version.json. fw-sign parameter and from this configuration is directly inserted into a bash command. Firmware update is run automatically if there is special file on the inserted SD card.
CVE-2020-36169,PC,n/a,n/a,,,"An issue was discovered in Veritas NetBackup through 8.3.0.1 and OpsCenter through 8.3.0.1. Processes using OpenSSL attempt to load and execute libraries from paths that do not exist by default on the Windows operating system. By default, on Windows systems, users can create directories under the top level of any drive. If a low privileged user creates an affected path with a library that the Veritas product attempts to load, they can execute arbitrary code as SYSTEM or Administrator. This gives the attacker administrator access on the system, allowing the attacker (by default) to access all data, access all installed applications, etc. This vulnerability affects master servers, media servers, clients, and OpsCenter servers on the Windows platform. The system is vulnerable during an install or upgrade and post-install during normal operations."
CVE-2020-5324,PC,Dell,Dell Client Consumer and Commercial Platforms,CWE-427,CWE-427: Uncontrolled Search Path Element,"Dell Client Consumer and Commercial Platforms contain an Arbitrary File Overwrite Vulnerability. The vulnerability is limited to the Dell Firmware Update Utility during the time window while being executed by an administrator. During this time window, a locally authenticated low-privileged malicious user could exploit this vulnerability by tricking an administrator into overwriting arbitrary files via a symlink attack. The vulnerability does not affect the actual binary payload that the update utility delivers."
CVE-2020-5357,PC,Dell,CPG BIOS,CWE-427,CWE-427: Uncontrolled Search Path Element,"Dell Dock Firmware Update Utilities for Dell Client Consumer and Commercial docking stations contain an Arbitrary File Overwrite vulnerability. The vulnerability is limited to the Dell Dock Firmware Update Utilities during the time window while being executed by an administrator. During this time window, a locally authenticated low-privileged malicious user could exploit this vulnerability by tricking an administrator into overwriting arbitrary files via a symlink attack. The vulnerability does not affect the actual binary payload that the update utility delivers."
CVE-2020-6650,PC,Eaton,UPS Companion Software,CWE-95,CWE-95 Improper Neutralization of Directives in Dynamically Evaluated Code ('Eval Injection'),UPS companion software v1.05 & Prior is affected by ‘Eval Injection’ vulnerability. The software does not neutralize or incorrectly neutralizes code syntax before using the input in a dynamic evaluation call e.g.”eval” in “Update Manager” class when software attempts to see if there are updates available. This results in arbitrary code execution on the machine where software is installed.
CVE-2020-7135,PC,HPE,HPE Service Pack for ProLiant,,,"A potential security vulnerability has been identified in the disk drive firmware installers named Supplemental Update / Online ROM Flash Component on HPE servers running Linux. The vulnerable software is included in the HPE Service Pack for ProLiant (SPP) releases 2018.06.0, 2018.09.0, and 2018.11.0. The vulnerable software is the Supplemental Update / Online ROM Flash Component for Linux (x64) software. The installer in this software component could be locally exploited to execute arbitrary code. Drive Models can be found in the Vulnerability Resolution field of the security bulletin. The 2019_03 SPP and Supplemental update / Online ROM Flash Component for Linux (x64) after 2019.03.0 has fixed this issue."
CVE-2020-7520,PC,n/a,Schneider Electric Software Update (SESU) V2.4.0 and prior.,CWE-601,CWE-601: URL Redirection to Untrusted Site ('Open Redirect'),"A CWE-601: URL Redirection to Untrusted Site ('Open Redirect') vulnerability exists in Schneider Electric Software Update (SESU), V2.4.0 and prior, which could cause execution of malicious code on the victim's machine. In order to exploit this vulnerability, an attacker requires privileged access on the engineering workstation to modify a Windows registry key which would divert all traffic updates to go through a server in the attacker's possession. A man-in-the-middle attack is then used to complete the exploit."
CVE-2020-8207,PC,n/a,Citrix Workspace App for Windows,CWE-284,Improper Access Control - Generic (CWE-284),Improper access control in Citrix Workspace app for Windows 1912 CU1 and 2006.1 causes privilege escalation and code execution when the automatic updater service is running.
CVE-2020-8838,PC,n/a,n/a,,,"An issue was discovered in Zoho ManageEngine AssetExplorer 6.5. During an upgrade of the Windows agent, it does not validate the source and binary downloaded. This allows an attacker on an adjacent network to execute code with NT AUTHORITY/SYSTEM privileges on the agent machines by providing an arbitrary executable via a man-in-the-middle attack."
CVE-2021-1077,PC,NVIDIA,NVIDIA GPU Display Driver,,,"NVIDIA GPU Display Driver for Windows and Linux, R450 and R460 driver branch, contains a vulnerability where the software uses a reference count to manage a resource that is incorrectly updated, which may lead to denial of service."
CVE-2021-1694,PC,Microsoft,Windows 10 Version 1803,,,Windows Update Stack Elevation of Privilege Vulnerability
CVE-2021-1729,PC,Microsoft,Windows 10 Version 1803,,,Windows Update Stack Setup Elevation of Privilege Vulnerability
CVE-2021-20295,PC,n/a,QEMU,CWE-125,CWE-125,"It was discovered that the update for the virt:rhel module in the RHSA-2020:4676 (https://access.redhat.com/errata/RHSA-2020:4676) erratum released as part of Red Hat Enterprise Linux 8.3 failed to include the fix for the qemu-kvm component issue CVE-2020-10756, which was previously corrected in virt:rhel/qemu-kvm via erratum RHSA-2020:4059 (https://access.redhat.com/errata/RHSA-2020:4059). CVE-2021-20295 was assigned to that Red Hat specific security regression. For more details about the original security issue CVE-2020-10756, refer to bug 1835986 or the CVE page: https://access.redhat.com/security/cve/CVE-2020-10756."
CVE-2021-20325,PC,n/a,httpd,CWE-119,(CWE-119|CWE-918),"Missing fixes for CVE-2021-40438 and CVE-2021-26691 in the versions of httpd, as shipped in Red Hat Enterprise Linux 8.5.0, causes a security regression compared to the versions shipped in Red Hat Enterprise Linux 8.4. A user who installs or updates to Red Hat Enterprise Linux 8.5.0 would be vulnerable to the mentioned CVEs, even if they were properly fixed in Red Hat Enterprise Linux 8.4. CVE-2021-20325 was assigned to that Red Hat specific security regression and it does not affect the upstream versions of httpd."
CVE-2021-22278,PC,ABB,PCM600,CWE-295,CWE-295 Improper Certificate Validation,A certificate validation vulnerability in PCM600 Update Manager allows attacker to get unwanted software packages to be installed on computer which has PCM600 installed.
CVE-2021-25261,PC,n/a,Yandex Browser (Desktop),,,"Local privilege vulnerability in Yandex Browser for Windows prior to 22.5.0.862 allows a local, low privileged, attacker to execute arbitary code with the SYSTEM privileges through manipulating symlinks to installation file during Yandex Browser update process."
CVE-2021-26866,PC,Microsoft,Windows 10 Version 1803,,,Windows Update Service Elevation of Privilege Vulnerability
CVE-2021-26889,PC,Microsoft,Windows 10 Version 1803,,,Windows Update Stack Elevation of Privilege Vulnerability
CVE-2021-26930,PC,n/a,n/a,,,"An issue was discovered in the Linux kernel 3.11 through 5.10.16, as used by Xen. To service requests to the PV backend, the driver maps grant references provided by the frontend. In this process, errors may be encountered. In one case, an error encountered earlier might be discarded by later processing, resulting in the caller assuming successful mapping, and hence subsequent operations trying to access space that wasn't mapped. In another case, internal state would be insufficiently updated, preventing safe recovery from the error. This affects drivers/block/xen-blkback/blkback.c."
CVE-2021-27070,PC,Microsoft,Windows 10 Version 2004,,,Windows 10 Update Assistant Elevation of Privilege Vulnerability
CVE-2021-27660,PC,Johnson Controls,C-CURE 9000,CWE-20,CWE-20 Improper Input Validation,An insecure client auto update feature in C-CURE 9000 can allow remote execution of lower privileged Windows programs.
CVE-2021-3003,PC,n/a,n/a,,,"Agenzia delle Entrate Desktop Telematico 1.0.0 contacts the jws.agenziaentrate.it server over cleartext HTTP, which allows man-in-the-middle attackers to spoof product updates."
CVE-2021-30668,PC,Apple,macOS,,,This issue was addressed with improved checks. This issue is fixed in macOS Big Sur 11.4. A person with physical access to a Mac may be able to bypass Login Window during a software update.
CVE-2021-33879,PC,n/a,n/a,,,"Tencent GameLoop before 4.1.21.90 downloaded updates over an insecure HTTP connection. A malicious attacker in an MITM position could spoof the contents of an XML document describing an update package, replacing a download URL with one pointing to an arbitrary Windows executable. Because the only integrity check would be a comparison of the downloaded file's MD5 checksum to the one contained within the XML document, the downloaded executable would then be executed on the victim's machine."
CVE-2021-33907,PC,n/a,Zoom Client for Meetings for Windows,,,The Zoom Client for Meetings for Windows in all versions before 5.3.0 fails to properly validate the certificate information used to sign .msi files when performing an update of the client. This could lead to remote code execution in an elevated privileged context.
CVE-2021-34408,PC,n/a,Zoom Client for Meetings for Windows,,,The Zoom Client for Meetings for Windows in all versions before version 5.3.2 writes log files to a user writable directory as a privileged user during the installation or update of the client. This could allow for potential privilege escalation if a link was created between the user writable directory used and a non-user writable directory.
CVE-2021-3485,PC,Bitdefender,Endpoint Security Tools for Linux,CWE-494,CWE-494 Download of Code Without Integrity Check,An Improper Input Validation vulnerability in the Product Update feature of Bitdefender Endpoint Security Tools for Linux allows a man-in-the-middle attacker to abuse the DownloadFile function of the Product Update to achieve remote code execution. This issue affects: Bitdefender Endpoint Security Tools for Linux versions prior to 6.2.21.155.
CVE-2021-3614,PC,Lenovo,Notebook BIOS,CWE-636,CWE-636 Not Failing Securely ('Failing Open'),A vulnerability was reported on some Lenovo Notebook systems that could allow an attacker with physical access to elevate privileges under certain conditions during a BIOS update performed by Lenovo Vantage.
CVE-2021-36945,PC,Microsoft,Windows Update Assistant,,,Windows 10 Update Assistant Elevation of Privilege Vulnerability
CVE-2021-38142,PC,n/a,n/a,,,Barco MirrorOp Windows Sender before 2.5.3.65 uses cleartext HTTP and thus allows rogue software upgrades. An attacker on the local network can achieve remote code execution on any computer that tries to update Windows Sender due to the fact that the upgrade mechanism is not secured (is not protected with TLS).
CVE-2021-38634,PC,Microsoft,Windows 10 Version 1809,,,Microsoft Windows Update Client Elevation of Privilege Vulnerability
CVE-2021-43984,PC,mySCADA,myPRO,CWE-78,CWE-78 OS Command Injection,"mySCADA myPRO: Versions 8.20.0 and prior has a feature where the firmware can be updated, which may allow an attacker to inject arbitrary operating system commands through a specific parameter."
CVE-2021-47184,PC,Linux,Linux,,,"In the Linux kernel, the following vulnerability has been resolved:

i40e: Fix NULL ptr dereference on VSI filter sync

Remove the reason of null pointer dereference in sync VSI filters.
Added new I40E_VSI_RELEASING flag to signalize deleting and releasing
of VSI resources to sync this thread with sync filters subtask.
Without this patch it is possible to start update the VSI filter list
after VSI is removed, that's causing a kernel oops."
CVE-2022-0677,PC,Bitdefender,Update Server,CWE-130,CWE-130 Improper Handling of Length Parameter Inconsistency,"Improper Handling of Length Parameter Inconsistency vulnerability in the Update Server component of Bitdefender Endpoint Security Tools (in relay role), GravityZone (in Update Server role) allows an attacker to cause a Denial-of-Service. This issue affects: Bitdefender Update Server versions prior to 3.4.0.276. Bitdefender GravityZone versions prior to 26.4-1. Bitdefender Endpoint Security Tools for Linux versions prior to 6.2.21.171. Bitdefender Endpoint Security Tools for Windows versions prior to 7.4.1.111."
CVE-2022-21973,PC,Microsoft,Windows 7,,,Windows Media Center Update Denial of Service Vulnerability
CVE-2022-22781,PC,Zoom Video Communications Inc,Zoom Client for Meetings for MacOS (Standard and for IT Admin),,,The Zoom Client for Meetings for MacOS (Standard and for IT Admin) prior to version 5.9.6 failed to properly check the package version during the update process. This could lead to a malicious actor updating an unsuspecting user’s currently installed version to a less secure version.
CVE-2022-22786,PC,Zoom Video Communications Inc,Zoom Client for Meetings for Windows,,,"The Zoom Client for Meetings for Windows before version 5.10.0 and Zoom Rooms for Conference Room for Windows before version 5.10.0, fails to properly check the installation version during the update process. This issue could be used in a more sophisticated attack to trick a user into downgrading their Zoom client to a less secure version."
CVE-2022-24426,PC,Dell,Dell Command Update (DCU),CWE-427,CWE-427: Uncontrolled Search Path Element,"Dell Command | Update, Dell Update, and Alienware Update version 4.4.0 contains a Local Privilege Escalation Vulnerability in the Advanced Driver Restore component. A local malicious user could potentially exploit this vulnerability, leading to privilege escalation."
CVE-2022-24525,PC,Microsoft,Windows 10 Version 1909,,,Windows Update Stack Elevation of Privilege Vulnerability
CVE-2022-24543,PC,Microsoft,Windows Upgrade Assistant,,,Windows Upgrade Assistant Remote Code Execution Vulnerability
CVE-2022-24644,PC,n/a,n/a,,,"ZZ Inc. KeyMouse Windows 3.08 and prior is affected by a remote code execution vulnerability during an unauthenticated update. To exploit this vulnerability, a user must trigger an update of an affected installation of KeyMouse."
CVE-2022-24671,PC,Trend Micro,Trend Micro Antivirus for Mac,,,A link following privilege escalation vulnerability in Trend Micro Antivirus for Max 11.0.2150 and below could allow a local attacker to modify a file during the update process and escalate their privileges. Please note: an attacker must first obtain the ability to execute low-privileged code on the target system in order to exploit this vulnerability.
CVE-2022-28225,PC,n/a,Yandex Browser (Desktop),,,"Local privilege vulnerability in Yandex Browser for Windows prior to 22.3.3.684 allows a local, low privileged, attacker to execute arbitary code with the SYSTEM privileges through manipulating symlinks to installation file during Yandex Browser update process."
CVE-2022-28226,PC,n/a,Yandex Browser (Desktop),,,"Local privilege vulnerability in Yandex Browser for Windows prior to 22.3.3.801 allows a local, low privileged, attacker to execute arbitary code with the SYSTEM privileges through manipulating temporary files in directory with insecure permissions during Yandex Browser update process."
CVE-2022-28371,PC,n/a,n/a,,,"On Verizon 5G Home LVSKIHP InDoorUnit (IDU) 3.4.66.162 and OutDoorUnit (ODU) 3.33.101.0 devices, the CRTC and ODU RPC endpoints rely on a static certificate for access control. This certificate is embedded in the firmware, and is identical across the fleet of devices. An attacker need only download this firmware and extract the private components of these certificates (from /etc/lighttpd.d/ca.pem and /etc/lighttpd.d/server.pem) to gain access. (The firmware download location is shown in a device's upgrade logs.)"
CVE-2022-28751,PC,Zoom Video Communications Inc,Zoom Client for Meetings for MacOS,CWE-347,CWE-347 Improper Verification of Cryptographic Signature,The Zoom Client for Meetings for MacOS (Standard and for IT Admin) before version 5.11.3 contains a vulnerability in the package signature validation during the update process. A local low-privileged user could exploit this vulnerability to escalate their privileges to root.
CVE-2022-28756,PC,Zoom Video Communications Inc,Zoom Client for Meetings for MacOS,CWE-347,CWE-347 Improper Verification of Cryptographic Signature,The Zoom Client for Meetings for macOS (Standard and for IT Admin) starting with version 5.7.3 and before 5.11.5 contains a vulnerability in the auto update process. A local low-privileged user could exploit this vulnerability to escalate their privileges to root.
CVE-2022-28757,PC,Zoom Video Communications Inc,Zoom Client for Meetings for MacOS,CWE-345,CWE-345: Insufficient Verification of Data Authenticity,The Zoom Client for Meetings for macOS (Standard and for IT Admin) starting with version 5.7.3 and before 5.11.6 contains a vulnerability in the auto update process. A local low-privileged user could exploit this vulnerability to escalate their privileges to root.
CVE-2022-28944,PC,n/a,n/a,,,"Certain EMCO Software products are affected by: CWE-494: Download of Code Without Integrity Check. This affects MSI Package Builder for Windows 9.1.4 and Remote Installer for Windows 6.0.13 and Ping Monitor for Windows 8.0.18 and Remote Shutdown for Windows 7.2.2 and WakeOnLan 2.0.8 and Network Inventory for Windows 5.8.22 and Network Software Scanner for Windows 2.0.8 and UnLock IT for Windows 6.1.1. The impact is: execute arbitrary code (remote). The component is: Updater. The attack vector is: To exploit this vulnerability, a user must trigger an update of an affected installation of EMCO Software. ¶¶ Multiple products from EMCO Software are affected by a remote code execution vulnerability during the update process."
CVE-2022-31243,PC,n/a,n/a,CWE-367,CWE-367 Time-of-check Time-of-use (TOCTOU) Race Condition,"Update description and links DMA transactions which are targeted at input buffers used for the software SMI handler used by the FvbServicesRuntimeDxe driver could cause SMRAM corruption through a TOCTOU attack.. ""DMA transactions which are targeted at input buffers used for the software SMI handler used by the FvbServicesRuntimeDxe driver could cause SMRAM corruption. This issue was discovered by Insyde engineering based on the general description provided by Intel's iSTARE group. Fixed in Kernel 5.2: 05.27.21. Kernel 5.3: 05.36.21. Kernel 5.4: 05.44.21. Kernel 5.5: 05.52.21 https://www.insyde.com/security-pledge/SA-2022044"
CVE-2022-3368,PC,Nortonlifelock,"""Avira Security"" – for Windows",CWE-276,CWE-276 Incorrect Default Permissions,"A vulnerability within the Software Updater functionality of Avira Security for Windows allowed an attacker with write access to the filesystem, to escalate his privileges in certain scenarios. The issue was fixed with Avira Security version 1.1.72.30556."
CVE-2022-34384,PC,Dell,SupportAssist Client Consumer,CWE-250,CWE-250: Execution with Unnecessary Privileges,"
Dell SupportAssist Client Consumer (version 3.11.1 and prior), SupportAssist Client Commercial (version 3.2 and prior), Dell Command | Update, Dell Update, and Alienware Update versions before 4.5 contain a Local Privilege Escalation Vulnerability in the Advanced Driver Restore component. A local malicious user may potentially exploit this vulnerability, leading to privilege escalation.





"
CVE-2022-34459,PC,Dell,Dell Command Update (DCU),CWE-347,CWE-347 Improper Verification of Cryptographic Signature,"
Dell Command | Update, Dell Update, and Alienware Update versions prior to 4.7 contain a improper verification of cryptographic signature in get applicable driver component. A local malicious user could potentially exploit this vulnerability leading to malicious payload execution.





"
CVE-2022-34471,PC,Mozilla,Firefox,CWE-345,CWE-345: Insufficient Verification of Data Authenticity,"When downloading an update for an addon, the downloaded addon update's version was not verified to match the version selected from the manifest. If the manifest had been tampered with on the server, an attacker could trick the browser into downgrading the addon to a prior version. This vulnerability affects Firefox < 102."
CVE-2022-34891,PC,Parallels,Desktop,CWE-732,CWE-732: Incorrect Permission Assignment for Critical Resource,This vulnerability allows local attackers to escalate privileges on affected installations of Parallels Desktop Parallels Desktop 17.1.1. An attacker must first obtain the ability to execute low-privileged code on the target system in order to exploit this vulnerability. The specific flaw exists within the update machanism. The product sets incorrect permissions on sensitive files. An attacker can leverage this vulnerability to escalate privileges and execute arbitrary code in the context of root. Was ZDI-CAN-16395.
CVE-2022-34892,PC,Parallels,Desktop,CWE-362,CWE-362: Concurrent Execution using Shared Resource with Improper Synchronization ('Race Condition'),This vulnerability allows local attackers to escalate privileges on affected installations of Parallels Desktop Parallels Desktop 17.1.1. An attacker must first obtain the ability to execute low-privileged code on the target system in order to exploit this vulnerability. The specific flaw exists within the update machanism. The issue results from the lack of proper locking when performing operations on an object. An attacker can leverage this vulnerability to escalate privileges and execute arbitrary code in the context of root. Was ZDI-CAN-16396.
CVE-2022-36121,PC,n/a,n/a,,,"An issue was discovered in Blue Prism Enterprise 6.0 through 7.01. In a misconfigured environment that exposes the Blue Prism Application server, it is possible for an authenticated user to reverse engineer the Blue Prism software and circumvent access controls for the UpdateOfflineHelpData administrative function. Abusing this function will allow any Blue Prism user to change the offline help URL to one of their choice, opening the possibility of spoofing the help page or executing a local file."
CVE-2022-36173,PC,n/a,n/a,,,FreshService macOS Agent < 4.4.0 and FreshServce Linux Agent < 3.4.0 are vulnerable to TLS Man-in-The-Middle via the FreshAgent client and scheduled update service.
CVE-2022-36344,PC,JustSystems Corporation,JustSystems JUST Online Update for J-License',,,"An unquoted search path vulnerability exists in 'JustSystems JUST Online Update for J-License' bundled with multiple products for corporate users as in Ichitaro through Pro5 and others. Since the affected product starts another program with an unquoted file path, a malicious file may be executed with the privilege of the Windows service if it is placed in a certain path. Affected products are bundled with the following product series: Office and Office Integrated Software, ATOK, Hanako, JUST PDF, Shuriken, Homepage Builder, JUST School, JUST Smile Class, JUST Smile, JUST Frontier, JUST Jump, and Tri-De DetaProtect."
CVE-2022-38101,PC,n/a,Intel(R) NUC Chaco Canyon BIOS update software,CWE-427,CWE-427: Uncontrolled Search Path Element,Uncontrolled search path in some Intel(R) NUC Chaco Canyon BIOS update software before version iFlashV Windows 5.13.00.2105 may allow an authenticated user to potentially enable escalation of privilege via local access.
CVE-2022-46330,PC,Squirrel,Installers generated by Squirrel.Windows,CWE-427,CWE-427: Uncontrolled Search Path Element,"Squirrel.Windows is both a toolset and a library that provides installation and update functionality for Windows desktop applications. Installers generated by Squirrel.Windows 2.0.1 and earlier contain an issue with the DLL search path, which may lead to insecurely loading Dynamic Link Libraries. As a result, arbitrary code may be executed with the privilege of the user invoking the installer."
CVE-2022-48769,PC,Linux,Linux,,,"In the Linux kernel, the following vulnerability has been resolved:

efi: runtime: avoid EFIv2 runtime services on Apple x86 machines

Aditya reports [0] that his recent MacbookPro crashes in the firmware
when using the variable services at runtime. The culprit appears to be a
call to QueryVariableInfo(), which we did not use to call on Apple x86
machines in the past as they only upgraded from EFI v1.10 to EFI v2.40
firmware fairly recently, and QueryVariableInfo() (along with
UpdateCapsule() et al) was added in EFI v2.00.

The only runtime service introduced in EFI v2.00 that we actually use in
Linux is QueryVariableInfo(), as the capsule based ones are optional,
generally not used at runtime (all the LVFS/fwupd firmware update
infrastructure uses helper EFI programs that invoke capsule update at
boot time, not runtime), and not implemented by Apple machines in the
first place. QueryVariableInfo() is used to 'safely' set variables,
i.e., only when there is enough space. This prevents machines with buggy
firmwares from corrupting their NVRAMs when they run out of space.

Given that Apple machines have been using EFI v1.10 services only for
the longest time (the EFI v2.0 spec was released in 2006, and Linux
support for the newly introduced runtime services was added in 2011, but
the MacbookPro12,1 released in 2015 still claims to be EFI v1.10 only),
let's avoid the EFI v2.0 ones on all Apple x86 machines.

[0] https://lore.kernel.org/all/6D757C75-65B1-468B-842D-10410081A8E4@live.com/"
CVE-2023-1277,PC,n/a,kylin-system-updater,CWE-77,CWE-77 Command Injection,"A vulnerability, which was classified as critical, was found in kylin-system-updater up to 1.4.20kord on Ubuntu Kylin. Affected is the function InstallSnap of the component Update Handler. The manipulation leads to command injection. The attack needs to be approached locally. The exploit has been disclosed to the public and may be used. The identifier of this vulnerability is VDB-222600."
CVE-2023-22614,PC,n/a,n/a,CWE-787,CWE-787 Out-of-bounds Write,An issue was discovered in ChipsetSvcSmm in Insyde InsydeH2O with kernel 5.0 through 5.5. There is insufficient input validation in BIOS Guard updates. An attacker can induce memory corruption in SMM by supplying malformed inputs to the BIOS Guard SMI handler.
CVE-2023-23698,PC,Dell,Dell Command Update (DCU),CWE-1386,CWE-1386: Insecure Operation on Windows Junction / Mount Point,"
Dell Command | Update, Dell Update, and Alienware Update versions before 4.6.0 and 4.7.1 contain Insecure Operation on Windows Junction in the installer component. A local malicious user may potentially exploit this vulnerability leading to arbitrary file delete.

"
CVE-2023-25394,PC,n/a,n/a,CWE-367,CWE-367 Time-of-check Time-of-use (TOCTOU) Race Condition,Videostream macOS app 0.5.0 and 0.4.3 has a Race Condition. The Updater privileged script attempts to update Videostream every 5 hours.
CVE-2023-25493,PC,Lenovo,BIOS,CWE-306,CWE-306 Missing Authentication for Critical Function,"A potential vulnerability was reported in the BIOS update tool driver for some Desktop, Smart Edge, Smart Office, and ThinkStation products that could allow a local user with elevated privileges to execute arbitrary code."
CVE-2023-27323,PC,Parallels,Desktop,CWE-367,CWE-367 Time-of-check Time-of-use (TOCTOU) Race Condition,"Parallels Desktop Updater Time-Of-Check Time-Of-Use Local Privilege Escalation Vulnerability. This vulnerability allows local attackers to escalate privileges on affected installations of Parallels Desktop. An attacker must first obtain the ability to execute low-privileged code on the target host system in order to exploit this vulnerability.

The specific flaw exists within the Updater service. By creating a symbolic link, an attacker can abuse the service to execute a file. An attacker can leverage this vulnerability to escalate privileges and execute arbitrary code in the context of root.
. Was ZDI-CAN-18150."
CVE-2023-28065,PC,Dell,Dell Command Update (DCU),CWE-1386,CWE-1386: Insecure Operation on Windows Junction / Mount Point,"
Dell Command | Update, Dell Update, and Alienware Update versions 4.8.0 and prior contain an Insecure Operation on Windows Junction / Mount Point vulnerability. A local malicious user could potentially exploit this vulnerability leading to privilege escalation.

"
CVE-2023-28071,PC,Dell,Dell Command Update (DCU),CWE-1386,CWE-1386: Insecure Operation on Windows Junction / Mount Point,"
Dell Command | Update, Dell Update, and Alienware Update versions 4.9.0, A01 and prior contain an Insecure Operation on Windows Junction / Mount Point vulnerability. A local malicious user could potentially exploit this vulnerability to create arbitrary folder leading to permanent Denial of Service (DOS).

"
CVE-2023-30559,PC,Becton Dickinson & Co ,BD Alaris™ Point-of-Care Unit (PCU) Model 8015,CWE-20; CWE-345,CWE-20 Improper Input Validation; CWE-345: Insufficient Verification of Data Authenticity,The firmware update package for the wireless card is not properly signed and can be modified.
CVE-2023-30695,PC,Samsung Mobile,"Galaxy book Go, Galaxy book Go 5G, Galaxy book2 Go and Galaxy book2 Pro 360",,,"Out-of-bounds Write vulnerability in SSHDCPAPP TA prior to &quot;SAMSUNG ELECTONICS, CO, LTD. - System Hardware Update - 7/13/2023&quot; in Windows Update for Galaxy book Go, Galaxy book Go 5G, Galaxy book2 Go and Galaxy book2 Pro 360 allows local attacker to execute arbitrary code."
CVE-2023-30702,PC,Samsung Mobile,"Galaxy book Go, Galaxy book Go 5G, Galaxy book2 Go and Galaxy book2 Pro 360",,,"Stack overflow vulnerability in SSHDCPAPP TA prior to &quot;SAMSUNG ELECTONICS, CO, LTD. - System Hardware Update - 7/13/2023&quot; in Windows Update for Galaxy book Go, Galaxy book Go 5G, Galaxy book2 Go and Galaxy book2 Pro 360 allows local attacker to execute arbitrary code."
CVE-2023-31190,PC,bluemark,ds230,CWE-295,CWE-295 Improper Certificate Validation,"DroneScout ds230 Remote ID receiver from BlueMark Innovations is affected by an Improper Authentication vulnerability during the firmware update procedure.

Specifically, the firmware update procedure ignores and does not check the validity of the TLS certificate of the HTTPS endpoint from which the firmware update package (.tar.bz2 file) is downloaded.
An attacker with the ability to put himself in a Man-in-the-Middle situation (e.g., DNS poisoning, ARP poisoning, control of a node on the route to the endpoint, etc.) can trick the DroneScout ds230 to install a crafted malicious firmware update containing arbitrary files (e.g., executable and configuration) and gain administrative (root) privileges on the underlying Linux operating system.
This issue affects DroneScout ds230 firmware from version 20211210-1627 through 20230329-1042."
CVE-2023-3181,PC,Splashtop,Splashtop Software Updater,CWE-379,CWE-379: Creation of Temporary File in Directory with Insecure Permissions,"The C:\Program Files (x86)\Splashtop\Splashtop Software Updater\uninst.exe process creates a folder at C:\Windows\Temp~nsu.tmp and copies itself to it as Au_.exe. The C:\Windows\Temp~nsu.tmp\Au_.exe file is automatically launched as SYSTEM when the system reboots or when a standard user runs an MSI repair using Splashtop Streamer’s Windows Installer. Since the C:\Windows\Temp~nsu.tmp folder inherits permissions from C:\Windows\Temp and Au_.exe is susceptible to DLL hijacking, standard users can write a malicious DLL to it and elevate their privileges."
CVE-2023-32041,PC,Microsoft,Windows 10 Version 1809,CWE-908,CWE-908: Use of Uninitialized Resource,Windows Update Orchestrator Service Information Disclosure Vulnerability
CVE-2023-32056,PC,Microsoft,Windows 10 Version 1809,CWE-59,CWE-59: Improper Link Resolution Before File Access ('Link Following'),Windows Server Update Service (WSUS) Elevation of Privilege Vulnerability
CVE-2023-3269,PC,n/a,kernel,CWE-416,Use After Free,"A vulnerability exists in the memory management subsystem of the Linux kernel. The lock handling for accessing and updating virtual memory areas (VMAs) is incorrect, leading to use-after-free problems. This issue can be successfully exploited to execute arbitrary kernel code, escalate containers, and gain root privileges."
CVE-2023-34936,PC,n/a,n/a,,,A stack overflow in the UpdateMacClone function of H3C Magic B1STV100R012 allows attackers to cause a Denial of Service (DoS) via a crafted POST request.
CVE-2023-35317,PC,Microsoft,Windows Server 2019,CWE-502,CWE-502: Deserialization of Untrusted Data,Windows Server Update Service (WSUS) Elevation of Privilege Vulnerability
CVE-2023-36650,PC,n/a,n/a,,,A missing integrity check in the update system in ProLion CryptoSpike 3.0.15P2 allows attackers to execute OS commands as the root Linux user on the host system via forged update packages.
CVE-2023-38921,PC,n/a,n/a,,,Netgear WG302v2 v5.2.9 and WAG302v2 v5.1.19 were discovered to contain multiple command injection vulnerabilities in the upgrade_handler function via the firmwareRestore and firmwareServerip parameters.
CVE-2023-4052,PC,Mozilla,Firefox,,,"The Firefox updater created a directory writable by non-privileged users. When uninstalling Firefox, any files in that directory would be recursively deleted with the permissions of the uninstalling user account. This could be combined with creation of a junction (a form of symbolic link) to allow arbitrary file deletion controlled by the non-privileged user. 
*This bug only affects Firefox on Windows. Other operating systems are unaffected.* This vulnerability affects Firefox < 116, Firefox ESR < 115.1, and Thunderbird < 115.1."
CVE-2023-42143,PC,n/a,n/a,CWE-354,CWE-354 Improper Validation of Integrity Check Value,Missing Integrity Check in Shelly TRV 20220811-152343/v2.1.8@5afc928c allows malicious users to create a backdoor by redirecting the device to an attacker-controlled machine which serves the manipulated firmware file. The device is updated with the manipulated firmware.
CVE-2023-43581,PC,Lenovo,Desktop BIOS,CWE-120,CWE-120: Buffer Copy without Checking Size of Input,A buffer overflow was reported in the Update_WMI module in some Lenovo Desktop products that may allow a local attacker with elevated privileges to execute arbitrary code.
CVE-2023-4589,PC,Delinea,Secret Server,CWE-345,CWE-345: Insufficient Verification of Data Authenticity,"Insufficient verification of data authenticity vulnerability in Delinea Secret Server, in its v10.9.000002 version. An attacker with an administrator account could perform software updates without proper integrity verification mechanisms. In this scenario, the update process lacks digital signatures and fails to validate the integrity of the update package, allowing the attacker to inject malicious applications during the update."
CVE-2023-4802,PC,Proofpoint,ITM Server,CWE-79,CWE-79 Improper Neutralization of Input During Web Page Generation ('Cross-site Scripting'),A reflected cross-site scripting vulnerability in the UpdateInstalledSoftware endpoint of the Insider Threat Management (ITM) Server's web console could be used by an authenticated administrator to run arbitrary javascript within another web console administrator's browser. All versions prior to 7.14.3.69 are affected.
CVE-2023-50226,PC,Parallels,Desktop,CWE-59,CWE-59: Improper Link Resolution Before File Access ('Link Following'),"Parallels Desktop Updater Link Following Local Privilege Escalation Vulnerability. This vulnerability allows local attackers to escalate privileges on affected installations of Parallels Desktop. An attacker must first obtain the ability to execute low-privileged code on the target host system in order to exploit this vulnerability.

The specific flaw exists within the Updater service. By creating a symbolic link, an attacker can abuse the service to move arbitrary files. An attacker can leverage this vulnerability to escalate privileges and execute arbitrary code in the context of root.
. Was ZDI-CAN-21227."
CVE-2023-50228,PC,Parallels,Desktop,CWE-347,CWE-347 Improper Verification of Cryptographic Signature,"Parallels Desktop Updater Improper Verification of Cryptographic Signature Local Privilege Escalation Vulnerability. This vulnerability allows local attackers to escalate privileges on affected installations of Parallels Desktop. An attacker must first obtain the ability to execute low-privileged code on the target host system in order to exploit this vulnerability.

The specific flaw exists within the Updater service. The issue results from the lack of proper verification of a cryptographic signature. An attacker can leverage this vulnerability to escalate privileges and execute arbitrary code in the context of root.
. Was ZDI-CAN-21817."
CVE-2023-50738,PC,Lexmark,Printer Firmware,CWE-1328; CWE-354,CWE-1328 Security Version Number Mutable to Older Versions; CWE-354 Improper Validation of Integrity Check Value,"A new feature to prevent Firmware downgrades was recently added to some Lexmark products. A method to 
override this downgrade protection has been identified."
CVE-2023-5347,PC,Korenix,JetNet Series,CWE-327; CWE-347,CWE-327 Use of a Broken or Risky Cryptographic Algorithm; CWE-347 Improper Verification of Cryptographic Signature,An Improper Verification of Cryptographic Signature vulnerability in the update process of Korenix JetNet Series allows replacing the whole operating system including Trusted Executables. This issue affects JetNet devices older than firmware version 2024/01.
CVE-2024-1149,PC,Snow Software,Inventory Agent,CWE-347,CWE-347 Improper Verification of Cryptographic Signature,"Improper Verification of Cryptographic Signature vulnerability in Snow Software Inventory Agent on MacOS, Snow Software Inventory Agent on Windows, Snow Software Inventory Agent on Linux allows File Manipulation through Snow Update Packages.This issue affects Inventory Agent: through 6.12.0; Inventory Agent: through 6.14.5; Inventory Agent: through 6.7.2.

"
CVE-2024-1721,PC,HYPR,Passwordless,CWE-347,CWE-347 Improper Verification of Cryptographic Signature,Improper Verification of Cryptographic Signature vulnerability in HYPR Passwordless on Windows allows Malicious Software Update.This issue affects HYPR Passwordless: before 9.1.
CVE-2024-2209,PC,"HP, Inc.",HP Printer Firmware Update Utility,CWE-94,CWE-94 Improper Control of Generation of Code ('Code Injection'),A user with administrative privileges can create a compromised dll file of the same name as the original dll within the HP printer’s Firmware Update Utility (FUU) bundle and place it in the Microsoft Windows default downloads directory which can lead to potential arbitrary code execution.
CVE-2024-23269,PC,Apple,macOS,,,"A downgrade issue affecting Intel-based Mac computers was addressed with additional code-signing restrictions. This issue is fixed in macOS Sonoma 14.4, macOS Monterey 12.7.4, macOS Ventura 13.6.5. An app may be able to modify protected parts of the file system."
CVE-2024-24981,PC,n/a,UEFI firmware for some Intel(R) Server M50FCP Family products,CWE-20,CWE-20 Improper Input Validation,Improper input validation in PfrSmiUpdateFw driver in UEFI firmware for some Intel(R) Server M50FCP Family products may allow a privileged user to enable escalation of privilege via local access.
CVE-2024-27825,PC,Apple,macOS,CWE-277,CWE-277 Insecure Inherited Permissions,A downgrade issue affecting Intel-based Mac computers was addressed with additional code-signing restrictions. This issue is fixed in macOS Sonoma 14.5. An app may be able to bypass certain Privacy preferences.
CVE-2024-27837,PC,Apple,macOS,CWE-280,CWE-280 Improper Handling of Insufficient Permissions or Privileges,A downgrade issue was addressed with additional code-signing restrictions. This issue is fixed in macOS Sonoma 14.5. A local attacker may gain access to Keychain items.
CVE-2024-33616,PC,Sharp Corporation,Multiple MFPs (multifunction printers),CWE-306,CWE-306 Missing Authentication for Critical Function,"Admin authentication can be bypassed with some specific invalid credentials, which allows logging in with an administrative privilege. Sharp Corporation states the telnet feature is implemented on older models only, and is planning to provide the firmware update to remove the feature. As for the details of affected product names, model numbers, and versions, refer to the information provided by the respective vendors listed under [References]."
CVE-2024-34167,PC,n/a,Intel(R) Server Board S2600ST Family BIOS and Firmware Update software,CWE-427,CWE-427: Uncontrolled Search Path Element,Uncontrolled search path for the Intel(R) Server Board S2600ST Family BIOS and Firmware Update software all versions may allow an authenticated user to potentially enable escalation of privilege via local access.
CVE-2024-36282,PC,n/a,Intel(R) Server Board S2600ST Family BIOS and Firmware Update software,CWE-20,CWE-20 Improper Input Validation,Improper input validation in the Intel(R) Server Board S2600ST Family BIOS and Firmware Update software all versions may allow a privileged user to potentially enable escalation of privilege via local access.
CVE-2024-36880,PC,Linux,Linux,,,"In the Linux kernel, the following vulnerability has been resolved:

Bluetooth: qca: add missing firmware sanity checks

Add the missing sanity checks when parsing the firmware files before
downloading them to avoid accessing and corrupting memory beyond the
vmalloced buffer."
CVE-2024-40775,PC,Apple,macOS,CWE-200,CWE-200 Exposure of Sensitive Information to an Unauthorized Actor,"A downgrade issue was addressed with additional code-signing restrictions. This issue is fixed in macOS Sonoma 14.6, macOS Monterey 12.7.6, macOS Ventura 13.6.8. An app may be able to leak sensitive user information."
CVE-2024-40814,PC,Apple,macOS,CWE-285,CWE-285 Improper Authorization,A downgrade issue was addressed with additional code-signing restrictions. This issue is fixed in macOS Sonoma 14.6. An app may be able to bypass Privacy preferences.
CVE-2024-40848,PC,Apple,macOS,,,"A downgrade issue was addressed with additional code-signing restrictions. This issue is fixed in macOS Ventura 13.7, macOS Sonoma 14.7, macOS Sequoia 15. An attacker may be able to read sensitive information."
CVE-2024-42492,PC,n/a,BIOS and System Firmware Update Package for Intel(R) Server M50FCP family,CWE-427,CWE-427: Uncontrolled Search Path Element,Uncontrolled search path element in some BIOS and System Firmware Update Package for Intel(R) Server M50FCP family before version R01.02.0002 may allow a privileged user to potentially enable escalation of privilege via local access.
CVE-2024-43864,PC,Linux,Linux,,,"In the Linux kernel, the following vulnerability has been resolved:

net/mlx5e: Fix CT entry update leaks of modify header context

The cited commit allocates a new modify header to replace the old
one when updating CT entry. But if failed to allocate a new one, eg.
exceed the max number firmware can support, modify header will be
an error pointer that will trigger a panic when deallocating it. And
the old modify header point is copied to old attr. When the old
attr is freed, the old modify header is lost.

Fix it by restoring the old attr to attr when failed to allocate a
new modify header context. So when the CT entry is freed, the right
modify header context will be freed. And the panic of accessing
error pointer is also fixed."
CVE-2024-44231,PC,Apple,macOS,,,This issue was addressed through improved state management. This issue is fixed in macOS Sequoia 15.1. A person with physical access to a Mac may be able to bypass Login Window during a software update.
CVE-2024-44280,PC,Apple,macOS,,,"A downgrade issue affecting Intel-based Mac computers was addressed with additional code-signing restrictions. This issue is fixed in macOS Ventura 13.7.1, macOS Sonoma 14.7.1. An app may be able to modify protected parts of the file system."
CVE-2024-4762,PC,Lenovo,Accessories and Display Manager,CWE-295,CWE-295 Improper Certificate Validation,An improper validation vulnerability was reported in the firmware update mechanism of LADM and LDCC that could allow a local attacker to escalate privileges.
CVE-2024-50591,PC,HASOMED,Elefant Software Updater,CWE-77,CWE-77 Command Injection,"An attacker with local access the to medical office computer can 
escalate his Windows user privileges to ""NT AUTHORITY\SYSTEM"" by 
exploiting a command injection vulnerability in the Elefant Update 
Service. The command injection can be exploited by communicating with 
the Elefant Update Service which is running as ""SYSTEM"" via Windows 
Named Pipes.The Elefant Software Updater (ESU) consists of two components. An ESU
 service which runs as ""NT AUTHORITY\SYSTEM"" and an ESU tray client 
which communicates with the service to update or repair the installation
 and is running with user permissions. The communication is implemented 
using named pipes. A crafted message of type 
""MessageType.SupportServiceInfos"" can be sent to the local ESU service 
to inject commands, which are then executed as ""NT AUTHORITY\SYSTEM""."
CVE-2024-50696,PC,n/a,n/a,CWE-494,CWE-494 Download of Code Without Integrity Check,SunGrow WiNet-S V200.001.00.P025 and earlier versions is missing integrity checks for firmware upgrades. Sending a specific MQTT message allows an update to an inverter or a WiNet connectivity dongle with a bogus firmware file that is located on attacker-controlled server.
CVE-2024-6153,PC,Parallels,Desktop,CWE-693,CWE-693: Protection Mechanism Failure,"Parallels Desktop Updater Protection Mechanism Failure Software Downgrade Vulnerability. This vulnerability allows local attackers to downgrade Parallels software on affected installations of Parallels Desktop. An attacker must first obtain the ability to execute low-privileged code on the target host system in order to exploit this vulnerability.

The specific flaw exists within the Updater service. The issue results from the lack of proper validation of version information before performing an update. An attacker can leverage this in conjunction with other vulnerabilities to escalate privileges and execute arbitrary code in the context of root. Was ZDI-CAN-19481."
CVE-2025-11577,PC,Clevo,Notebook System Firmware,,,"Clevo’s UEFI firmware update packages, including B10717.exe, inadvertently contained private signing keys used for Boot Guard and Boot Policy Manifest verification. The exposure of these keys could allow attackers to sign malicious firmware that appears trusted by affected systems, undermining the integrity of the early boot process."
CVE-2025-20034,PC,n/a,Intel(R) Server D50DNP and M50FCP boards,CWE-20,CWE-20 Improper Input Validation,Improper input validation in the BackupBiosUpdate UEFI firmware SmiVariable driver for the Intel(R) Server D50DNP and M50FCP boards before version R01.02.0003 may allow a privileged user to potentially enable information disclosure via local access.
CVE-2025-23133,PC,Linux,Linux,,,"In the Linux kernel, the following vulnerability has been resolved:

wifi: ath11k: update channel list in reg notifier instead reg worker

Currently when ath11k gets a new channel list, it will be processed
according to the following steps:
1. update new channel list to cfg80211 and queue reg_work.
2. cfg80211 handles new channel list during reg_work.
3. update cfg80211's handled channel list to firmware by
ath11k_reg_update_chan_list().

But ath11k will immediately execute step 3 after reg_work is just
queued. Since step 2 is asynchronous, cfg80211 may not have completed
handling the new channel list, which may leading to an out-of-bounds
write error:
BUG: KASAN: slab-out-of-bounds in ath11k_reg_update_chan_list
Call Trace:
    ath11k_reg_update_chan_list+0xbfe/0xfe0 [ath11k]
    kfree+0x109/0x3a0
    ath11k_regd_update+0x1cf/0x350 [ath11k]
    ath11k_regd_update_work+0x14/0x20 [ath11k]
    process_one_work+0xe35/0x14c0

Should ensure step 2 is completely done before executing step 3. Thus
Wen raised patch[1]. When flag NL80211_REGDOM_SET_BY_DRIVER is set,
cfg80211 will notify ath11k after step 2 is done.

So enable the flag NL80211_REGDOM_SET_BY_DRIVER then cfg80211 will
notify ath11k after step 2 is done. At this time, there will be no
KASAN bug during the execution of the step 3.

[1] https://patchwork.kernel.org/project/linux-wireless/patch/20230201065313.27203-1-quic_wgong@quicinc.com/

Tested-on: WCN6855 hw2.0 PCI WLAN.HSP.1.1-03125-QCAHSPSWPL_V1_V2_SILICONZ_LITE-3"
CVE-2025-24109,PC,Apple,macOS,CWE-200,CWE-200 Exposure of Sensitive Information to an Unauthorized Actor,"A downgrade issue was addressed with additional code-signing restrictions. This issue is fixed in macOS Ventura 13.7.3, macOS Sequoia 15.3, macOS Sonoma 14.7.3. An app may be able to access sensitive user data."
CVE-2025-24122,PC,Apple,macOS,CWE-787,CWE-787 Out-of-bounds Write,"A downgrade issue affecting Intel-based Mac computers was addressed with additional code-signing restrictions. This issue is fixed in macOS Ventura 13.7.3, macOS Sequoia 15.3, macOS Sonoma 14.7.3. An app may be able to modify protected parts of the file system."
CVE-2025-24239,PC,Apple,macOS,CWE-200,CWE-200 Exposure of Sensitive Information to an Unauthorized Actor,A downgrade issue was addressed with additional code-signing restrictions. This issue is fixed in macOS Sequoia 15.4. An app may be able to access protected user data.
CVE-2025-29989,PC,Dell,Dell Client Platform BIOS,CWE-1328,CWE-1328 Security Version Number Mutable to Older Versions,"Dell Client Platform BIOS contains a Security Version Number Mutable to Older Versions vulnerability. A high privileged attacker with local access could potentially exploit this vulnerability, leading to BIOS upgrade denial."
CVE-2025-34500,PC,"Light & Wonder, Inc. / SHFL Entertainment, Inc. / Shuffle Master, Inc.",Deck Mate 2,CWE-321; CWE-327; CWE-347,CWE-321 Use of Hard-coded Cryptographic Key; CWE-327 Use of a Broken or Risky Cryptographic Algorithm; CWE-347 Improper Verification of Cryptographic Signature,"Deck Mate 2's firmware update mechanism accepts packages without cryptographic signature verification, encrypts them with a single hard-coded AES key shared across devices, and uses a truncated HMAC for integrity validation. Attackers with access to the update interface - typically via the unit's USB update port - can craft or modify firmware packages to execute arbitrary code as root, allowing persistent compromise of the device's integrity and deck randomization process. Physical or on-premises access remains the most likely attack path, though network-exposed or telemetry-enabled deployments could theoretically allow remote exploitation if misconfigured. The vendor confirmed that firmware updates have been issued to correct these update-chain weaknesses and that USB update access has been disabled on affected units."
CVE-2025-38386,PC,Linux,Linux,,,"In the Linux kernel, the following vulnerability has been resolved:

ACPICA: Refuse to evaluate a method if arguments are missing

As reported in [1], a platform firmware update that increased the number
of method parameters and forgot to update a least one of its callers,
caused ACPICA to crash due to use-after-free.

Since this a result of a clear AML issue that arguably cannot be fixed
up by the interpreter (it cannot produce missing data out of thin air),
address it by making ACPICA refuse to evaluate a method if the caller
attempts to pass fewer arguments than expected to it."
CVE-2025-39701,PC,Linux,Linux,,,"In the Linux kernel, the following vulnerability has been resolved:

ACPI: pfr_update: Fix the driver update version check

The security-version-number check should be used rather
than the runtime version check for driver updates.

Otherwise, the firmware update would fail when the update binary had
a lower runtime version number than the current one.

[ rjw: Changelog edits ]"
CVE-2025-43245,PC,Apple,macOS,CWE-290,CWE-290 Authentication Bypass by Spoofing,"A downgrade issue was addressed with additional code-signing restrictions. This issue is fixed in macOS Sequoia 15.6, macOS Sonoma 14.7.7, macOS Ventura 13.7.7. An app may be able to access protected user data."
CVE-2025-43331,PC,Apple,macOS,CWE-862,CWE-862 Missing Authorization,A downgrade issue was addressed with additional code-signing restrictions. This issue is fixed in macOS Tahoe 26. An app may be able to access protected user data.
CVE-2025-43390,PC,Apple,macOS,CWE-347,CWE-347 Improper Verification of Cryptographic Signature,"A downgrade issue affecting Intel-based Mac computers was addressed with additional code-signing restrictions. This issue is fixed in macOS Sequoia 15.7.2, macOS Tahoe 26.1. An app may be able to access user-sensitive data."
CVE-2025-43468,PC,Apple,macOS,CWE-347,CWE-347 Improper Verification of Cryptographic Signature,"A downgrade issue affecting Intel-based Mac computers was addressed with additional code-signing restrictions. This issue is fixed in macOS Sequoia 15.7.2, macOS Tahoe 26.1, macOS Sonoma 14.8.2. An app may be able to access sensitive user data."
CVE-2025-43521,PC,Apple,macOS,CWE-347,CWE-347 Improper Verification of Cryptographic Signature,"A downgrade issue affecting Intel-based Mac computers was addressed with additional code-signing restrictions. This issue is fixed in macOS Tahoe 26.2, macOS Sequoia 15.7.3. An app may be able to access sensitive user data."
CVE-2025-43522,PC,Apple,macOS,CWE-347,CWE-347 Improper Verification of Cryptographic Signature,"A downgrade issue affecting Intel-based Mac computers was addressed with additional code-signing restrictions. This issue is fixed in macOS Tahoe 26.2, macOS Sequoia 15.7.3. An app may be able to access user-sensitive data."
CVE-2025-4371,PC,Lenovo,510 FHD Webcam,CWE-347,CWE-347 Improper Verification of Cryptographic Signature,A potential vulnerability was reported in the Lenovo 510 FHD and Performance FHD web cameras that could allow an attacker with physical access to write arbitrary firmware updates to the device over a USB connection.
CVE-2025-48825,PC,"Ricoh Company, Ltd.",RICOH Streamline NX V3 PC Client,CWE-348,Use of less trusted source,"RICOH Streamline NX V3 PC Client versions 3.5.0 to 3.7.0 contains an issue with use of less trusted source, which may allow an attacker who can conduct a man-in-the-middle attack to eavesdrop upgrade requests and execute a malicious DLL with custom code."
CVE-2025-48940,PC,mybb,mybb,CWE-22,CWE-22: Improper Limitation of a Pathname to a Restricted Directory ('Path Traversal'),"MyBB is free and open source forum software. Prior to version 1.8.39, the upgrade component does not validate user input properly, which allows attackers to perform local file inclusion (LFI) via a specially crafted parameter value. In order to exploit the vulnerability, the installer must be unlocked (no `install/lock` file present) and the upgrade script must be accessible (by re-installing the forum via access to `install/index.php`; when the forum has not yet been installed; or the attacker is authenticated as a forum administrator). MyBB 1.8.39 resolves this issue."
CVE-2025-53520,PC,EG4 Electronics,EG4 12kPV,CWE-494,CWE-494 Download of Code Without Integrity Check,"The affected product allows firmware updates to be downloaded from EG4's
 website, transferred via USB dongles, or installed through EG4's 
Monitoring Center (remote, cloud-connected interface) or via a serial 
connection, and can install these files without integrity checks. The 
TTComp archive format used for the firmware is unencrypted and can be 
unpacked and altered without detection."
CVE-2025-63958,PC,n/a,n/a,CWE-200; CWE-284; CWE-306,CWE-200 Exposure of Sensitive Information to an Unauthorized Actor; Improper Access Control - Generic (CWE-284); CWE-306 Missing Authentication for Critical Function,"MILLENSYS Vision Tools Workspace 6.5.0.2585 exposes a sensitive configuration endpoint (/MILLENSYS/settings) that is accessible without authentication. This page leaks plaintext database credentials, file share paths, internal license server configuration, and software update parameters. An unauthenticated attacker can retrieve this information by accessing the endpoint directly, potentially leading to full system compromise. The vulnerability is due to missing access controls on a privileged administrative function."
CVE-2025-67460,PC,Zoom Communications Inc.,Zoom Rooms,CWE-693,CWE-693: Protection Mechanism Failure,Protection Mechanism Failure of Software Downgrade in Zoom Rooms for Windows before 6.6.0 may allow an unauthenticated user to conduct an escalation of privilege via local access.
